Time,CPU_Process(%),PSS-API(KB),PSS-Dumpsys(KB),VmSize(KB),RSS(KB),NetIn(Byte),NetOut(Byte),,CPU_Process_Sys,CPU_Process_Usr,DalvikPrivateDirty,DalvikPss,DalvikSharedDirty,NativePrivateDirty,NativePss,NativeSharedDirty,OtherPrivateDirty,OtherPss,OtherSharedDirty,NativePss,NativeSharedDirty,NativePrivateDirty,NativeHeapSize,NativeHeapAlloc,NativeHeapFree,DalvikPss,DalvikSharedDirty,DalvikPrivateDirty,DalvikHeapSize,DalvikHeapAlloc,DalvikHeapFree,TotalPss,TotalSharedDirty,TotalPrivateDirty,TotalHeapSize,TotalHeapAlloc,TotalHeapFree
'13:52:56.465,-1.0,30895,-1,527752,66772,5847715,262150,,-1.0,-1.0,8748,9018,9492,0,0,0,15428,21877,2564,-1,-1,-1,-1,-1,-1,-1,-1,-1,-1,-1,-1,-1,-1,-1,-1,-1,-1
'13:52:57.479,0.0,30891,-1,527752,66772,5847715,262150,,0.0,0.0,8748,9019,9492,0,0,0,15428,21872,2564,-1,-1,-1,-1,-1,-1,-1,-1,-1,-1,-1,-1,-1,-1,-1,-1,-1,-1
'13:52:58.449,0.0,30891,-1,527752,66772,5847715,262150,,0.0,0.0,8748,9019,9492,0,0,0,15428,21872,2564,-1,-1,-1,-1,-1,-1,-1,-1,-1,-1,-1,-1,-1,-1,-1,-1,-1,-1
'13:52:59.443,0.0,30907,-1,527752,66772,5847715,262150,,0.0,0.0,8748,9019,9492,0,0,0,15428,21888,2564,-1,-1,-1,-1,-1,-1,-1,-1,-1,-1,-1,-1,-1,-1,-1,-1,-1,-1
'13:53:00.442,0.0,30895,-1,525672,66760,5847715,262150,,0.0,0.0,8752,9023,9492,0,0,0,15412,21872,2564,-1,-1,-1,-1,-1,-1,-1,-1,-1,-1,-1,-1,-1,-1,-1,-1,-1,-1
'13:53:01.463,0.0,30895,-1,525672,66760,5847715,262150,,0.0,0.0,8752,9023,9492,0,0,0,15412,21872,2564,-1,-1,-1,-1,-1,-1,-1,-1,-1,-1,-1,-1,-1,-1,-1,-1,-1,-1
'13:53:02.446,0.0,30895,-1,525672,66760,5847715,262150,,0.0,0.0,8752,9023,9492,0,0,0,15412,21872,2564,-1,-1,-1,-1,-1,-1,-1,-1,-1,-1,-1,-1,-1,-1,-1,-1,-1,-1
'13:53:03.482,0.0,30895,-1,525672,66760,5847715,262150,,0.0,0.0,8752,9023,9492,0,0,0,15412,21872,2564,-1,-1,-1,-1,-1,-1,-1,-1,-1,-1,-1,-1,-1,-1,-1,-1,-1,-1
'13:53:04.454,0.0,30895,-1,525672,66760,5847715,262150,,0.0,0.0,8752,9023,9492,0,0,0,15412,21872,2564,-1,-1,-1,-1,-1,-1,-1,-1,-1,-1,-1,-1,-1,-1,-1,-1,-1,-1
'13:53:05.456,0.0,30895,-1,525672,66760,5847715,262150,,0.0,0.0,8752,9023,9492,0,0,0,15412,21872,2564,-1,-1,-1,-1,-1,-1,-1,-1,-1,-1,-1,-1,-1,-1,-1,-1,-1,-1
'13:53:06.450,0.0,30895,-1,525672,66760,5847715,262150,,0.0,0.0,8752,9023,9492,0,0,0,15412,21872,2564,-1,-1,-1,-1,-1,-1,-1,-1,-1,-1,-1,-1,-1,-1,-1,-1,-1,-1
'13:53:07.463,0.0,30895,-1,525672,66760,5847715,262150,,0.0,0.0,8752,9023,9492,0,0,0,15412,21872,2564,-1,-1,-1,-1,-1,-1,-1,-1,-1,-1,-1,-1,-1,-1,-1,-1,-1,-1
'13:53:08.479,0.0,30911,-1,525672,66760,5847715,262150,,0.0,0.0,8752,9023,9492,0,0,0,15412,21888,2564,-1,-1,-1,-1,-1,-1,-1,-1,-1,-1,-1,-1,-1,-1,-1,-1,-1,-1
'13:53:09.454,0.0,30911,-1,525672,66760,5847715,262150,,0.0,0.0,8752,9023,9492,0,0,0,15412,21888,2564,-1,-1,-1,-1,-1,-1,-1,-1,-1,-1,-1,-1,-1,-1,-1,-1,-1,-1
'13:53:10.463,0.0,30911,-1,525672,66760,5847715,262150,,0.0,0.0,8752,9023,9492,0,0,0,15412,21888,2564,-1,-1,-1,-1,-1,-1,-1,-1,-1,-1,-1,-1,-1,-1,-1,-1,-1,-1
'13:53:11.469,0.0,30911,-1,525672,66760,5847715,262150,,0.0,0.0,8752,9023,9492,0,0,0,15412,21888,2564,-1,-1,-1,-1,-1,-1,-1,-1,-1,-1,-1,-1,-1,-1,-1,-1,-1,-1
'13:53:12.464,0.0,30911,-1,525672,66760,5847715,262150,,0.0,0.0,8752,9023,9492,0,0,0,15412,21888,2564,-1,-1,-1,-1,-1,-1,-1,-1,-1,-1,-1,-1,-1,-1,-1,-1,-1,-1
'13:53:13.474,0.0,30911,-1,525672,66760,5847715,262150,,0.0,0.0,8752,9023,9492,0,0,0,15412,21888,2564,-1,-1,-1,-1,-1,-1,-1,-1,-1,-1,-1,-1,-1,-1,-1,-1,-1,-1
'13:53:14.457,0.0,30911,-1,525672,66760,5847715,262150,,0.0,0.0,8752,9023,9492,0,0,0,15412,21888,2564,-1,-1,-1,-1,-1,-1,-1,-1,-1,-1,-1,-1,-1,-1,-1,-1,-1,-1
'13:53:15.439,0.0,30911,-1,525672,66760,5847715,262150,,0.0,0.0,8752,9023,9492,0,0,0,15412,21888,2564,-1,-1,-1,-1,-1,-1,-1,-1,-1,-1,-1,-1,-1,-1,-1,-1,-1,-1
'13:53:16.457,0.0,30911,-1,525672,66760,5847715,262150,,0.0,0.0,8752,9023,9492,0,0,0,15412,21888,2564,-1,-1,-1,-1,-1,-1,-1,-1,-1,-1,-1,-1,-1,-1,-1,-1,-1,-1
'13:53:17.471,0.0,30911,-1,525672,66760,5847715,262150,,0.0,0.0,8752,9023,9492,0,0,0,15412,21888,2564,-1,-1,-1,-1,-1,-1,-1,-1,-1,-1,-1,-1,-1,-1,-1,-1,-1,-1
'13:53:18.478,0.0,30911,-1,525672,66760,5848047,263009,,0.0,0.0,8752,9023,9492,0,0,0,15412,21888,2564,-1,-1,-1,-1,-1,-1,-1,-1,-1,-1,-1,-1,-1,-1,-1,-1,-1,-1
'13:53:19.477,0.0,30911,-1,525672,66760,5848047,263009,,0.0,0.0,8752,9023,9492,0,0,0,15412,21888,2564,-1,-1,-1,-1,-1,-1,-1,-1,-1,-1,-1,-1,-1,-1,-1,-1,-1,-1
'13:53:20.449,0.0,30911,-1,525672,66760,5848047,263009,,0.0,0.0,8752,9023,9492,0,0,0,15412,21888,2564,-1,-1,-1,-1,-1,-1,-1,-1,-1,-1,-1,-1,-1,-1,-1,-1,-1,-1
'13:53:21.441,0.0,30911,-1,525672,66760,5848047,263009,,0.0,0.0,8752,9023,9492,0,0,0,15412,21888,2564,-1,-1,-1,-1,-1,-1,-1,-1,-1,-1,-1,-1,-1,-1,-1,-1,-1,-1
'13:53:22.457,0.0,30911,-1,525672,66760,5848047,263009,,0.0,0.0,8752,9023,9492,0,0,0,15412,21888,2564,-1,-1,-1,-1,-1,-1,-1,-1,-1,-1,-1,-1,-1,-1,-1,-1,-1,-1
'13:53:23.466,0.0,30911,-1,525672,66760,5848047,263009,,0.0,0.0,8752,9023,9492,0,0,0,15412,21888,2564,-1,-1,-1,-1,-1,-1,-1,-1,-1,-1,-1,-1,-1,-1,-1,-1,-1,-1
'13:53:24.469,0.0,30911,-1,525672,66760,5848047,263009,,0.0,0.0,8752,9023,9492,0,0,0,15412,21888,2564,-1,-1,-1,-1,-1,-1,-1,-1,-1,-1,-1,-1,-1,-1,-1,-1,-1,-1
'13:53:25.441,0.0,30911,-1,525672,66760,5848047,263009,,0.0,0.0,8752,9023,9492,0,0,0,15412,21888,2564,-1,-1,-1,-1,-1,-1,-1,-1,-1,-1,-1,-1,-1,-1,-1,-1,-1,-1
'13:53:26.448,0.0,30911,-1,525672,66760,5848047,263009,,0.0,0.0,8752,9023,9492,0,0,0,15412,21888,2564,-1,-1,-1,-1,-1,-1,-1,-1,-1,-1,-1,-1,-1,-1,-1,-1,-1,-1
'13:53:27.466,0.0,30911,-1,525672,66760,5848047,263009,,0.0,0.0,8752,9023,9492,0,0,0,15412,21888,2564,-1,-1,-1,-1,-1,-1,-1,-1,-1,-1,-1,-1,-1,-1,-1,-1,-1,-1
'13:53:28.451,0.5319149,30887,-1,523592,66736,5848047,263009,,0.0,0.5319149,8752,9023,9492,0,0,0,15388,21864,2564,-1,-1,-1,-1,-1,-1,-1,-1,-1,-1,-1,-1,-1,-1,-1,-1,-1,-1
'13:53:29.461,0.0,30875,-1,522552,66724,5848047,263009,,0.0,0.0,8752,9023,9492,0,0,0,15376,21852,2564,-1,-1,-1,-1,-1,-1,-1,-1,-1,-1,-1,-1,-1,-1,-1,-1,-1,-1
'13:53:30.456,0.0,30875,-1,522552,66724,5848047,263009,,0.0,0.0,8752,9023,9492,0,0,0,15376,21852,2564,-1,-1,-1,-1,-1,-1,-1,-1,-1,-1,-1,-1,-1,-1,-1,-1,-1,-1
'13:53:31.455,0.0,30875,-1,522552,66724,5848047,263009,,0.0,0.0,8752,9023,9492,0,0,0,15376,21852,2564,-1,-1,-1,-1,-1,-1,-1,-1,-1,-1,-1,-1,-1,-1,-1,-1,-1,-1
'13:53:32.470,0.0,30875,-1,522552,66724,5848047,263009,,0.0,0.0,8752,9023,9492,0,0,0,15376,21852,2564,-1,-1,-1,-1,-1,-1,-1,-1,-1,-1,-1,-1,-1,-1,-1,-1,-1,-1
'13:53:33.640,0.0,30875,-1,522552,66724,5848047,263009,,0.0,0.0,8752,9023,9492,0,0,0,15376,21852,2564,-1,-1,-1,-1,-1,-1,-1,-1,-1,-1,-1,-1,-1,-1,-1,-1,-1,-1
'13:53:34.474,0.0,30875,-1,522552,66724,5848047,263009,,0.0,0.0,8752,9023,9492,0,0,0,15376,21852,2564,-1,-1,-1,-1,-1,-1,-1,-1,-1,-1,-1,-1,-1,-1,-1,-1,-1,-1
'13:53:35.464,0.0,31410,-1,522552,66724,5848047,263009,,0.0,0.0,8752,9032,9492,0,0,0,15376,22378,2564,-1,-1,-1,-1,-1,-1,-1,-1,-1,-1,-1,-1,-1,-1,-1,-1,-1,-1
'13:53:36.468,0.0,31410,-1,522552,66724,5848047,263009,,0.0,0.0,8752,9032,9492,0,0,0,15376,22378,2564,-1,-1,-1,-1,-1,-1,-1,-1,-1,-1,-1,-1,-1,-1,-1,-1,-1,-1
'13:53:37.451,0.0,31410,-1,522552,66724,5848047,263009,,0.0,0.0,8752,9032,9492,0,0,0,15376,22378,2564,-1,-1,-1,-1,-1,-1,-1,-1,-1,-1,-1,-1,-1,-1,-1,-1,-1,-1
'13:53:38.455,0.0,31439,-1,522552,66724,5848047,263009,,0.0,0.0,8752,9032,9492,0,0,0,15376,22407,2564,-1,-1,-1,-1,-1,-1,-1,-1,-1,-1,-1,-1,-1,-1,-1,-1,-1,-1
'13:53:39.500,0.0,31439,-1,522552,66724,5848047,263009,,0.0,0.0,8752,9032,9492,0,0,0,15376,22407,2564,-1,-1,-1,-1,-1,-1,-1,-1,-1,-1,-1,-1,-1,-1,-1,-1,-1,-1
'13:53:40.459,0.0,31163,-1,522552,66724,5848047,263009,,0.0,0.0,8752,9023,9492,0,0,0,15376,22140,2564,-1,-1,-1,-1,-1,-1,-1,-1,-1,-1,-1,-1,-1,-1,-1,-1,-1,-1
'13:53:41.484,0.0,31163,-1,522552,66724,5848047,263009,,0.0,0.0,8752,9023,9492,0,0,0,15376,22140,2564,-1,-1,-1,-1,-1,-1,-1,-1,-1,-1,-1,-1,-1,-1,-1,-1,-1,-1
'13:53:42.469,0.0,31163,-1,522552,66724,5848047,263009,,0.0,0.0,8752,9023,9492,0,0,0,15376,22140,2564,-1,-1,-1,-1,-1,-1,-1,-1,-1,-1,-1,-1,-1,-1,-1,-1,-1,-1
'13:53:43.464,0.0,31163,-1,522552,66724,5848047,263009,,0.0,0.0,8752,9023,9492,0,0,0,15376,22140,2564,-1,-1,-1,-1,-1,-1,-1,-1,-1,-1,-1,-1,-1,-1,-1,-1,-1,-1
'13:53:44.467,0.0,31163,-1,522552,66724,5848047,263009,,0.0,0.0,8752,9023,9492,0,0,0,15376,22140,2564,-1,-1,-1,-1,-1,-1,-1,-1,-1,-1,-1,-1,-1,-1,-1,-1,-1,-1
'13:53:45.460,0.0,31142,-1,522552,66724,5848047,263009,,0.0,0.0,8752,9023,9492,0,0,0,15376,22119,2564,-1,-1,-1,-1,-1,-1,-1,-1,-1,-1,-1,-1,-1,-1,-1,-1,-1,-1
'13:53:46.467,0.0,31142,-1,522552,66724,5848047,263009,,0.0,0.0,8752,9023,9492,0,0,0,15376,22119,2564,-1,-1,-1,-1,-1,-1,-1,-1,-1,-1,-1,-1,-1,-1,-1,-1,-1,-1
'13:53:47.481,0.0,31142,-1,522552,66724,5848047,263009,,0.0,0.0,8752,9023,9492,0,0,0,15376,22119,2564,-1,-1,-1,-1,-1,-1,-1,-1,-1,-1,-1,-1,-1,-1,-1,-1,-1,-1
'13:53:48.478,0.0,31142,-1,522552,66724,5848047,263009,,0.0,0.0,8752,9023,9492,0,0,0,15376,22119,2564,-1,-1,-1,-1,-1,-1,-1,-1,-1,-1,-1,-1,-1,-1,-1,-1,-1,-1
'13:53:49.465,0.0,31142,-1,522552,66724,5848047,263009,,0.0,0.0,8752,9023,9492,0,0,0,15376,22119,2564,-1,-1,-1,-1,-1,-1,-1,-1,-1,-1,-1,-1,-1,-1,-1,-1,-1,-1
'13:53:50.471,0.0,31142,-1,522552,66724,5848047,263009,,0.0,0.0,8752,9023,9492,0,0,0,15376,22119,2564,-1,-1,-1,-1,-1,-1,-1,-1,-1,-1,-1,-1,-1,-1,-1,-1,-1,-1
'13:53:51.463,0.0,31142,-1,522552,66724,5848047,263009,,0.0,0.0,8752,9023,9492,0,0,0,15376,22119,2564,-1,-1,-1,-1,-1,-1,-1,-1,-1,-1,-1,-1,-1,-1,-1,-1,-1,-1
'13:53:52.484,0.0,31142,-1,522552,66724,5848047,263009,,0.0,0.0,8752,9023,9492,0,0,0,15376,22119,2564,-1,-1,-1,-1,-1,-1,-1,-1,-1,-1,-1,-1,-1,-1,-1,-1,-1,-1
'13:53:53.461,0.0,31142,-1,522552,66724,5848047,263009,,0.0,0.0,8752,9023,9492,0,0,0,15376,22119,2564,-1,-1,-1,-1,-1,-1,-1,-1,-1,-1,-1,-1,-1,-1,-1,-1,-1,-1
'13:53:54.489,0.0,31142,-1,522552,66724,5848047,263009,,0.0,0.0,8752,9023,9492,0,0,0,15376,22119,2564,-1,-1,-1,-1,-1,-1,-1,-1,-1,-1,-1,-1,-1,-1,-1,-1,-1,-1
'13:53:55.476,0.0,31142,-1,522552,66724,5848047,263009,,0.0,0.0,8752,9023,9492,0,0,0,15376,22119,2564,-1,-1,-1,-1,-1,-1,-1,-1,-1,-1,-1,-1,-1,-1,-1,-1,-1,-1
'13:53:56.480,0.0,31142,-1,522552,66724,5848047,263009,,0.0,0.0,8752,9023,9492,0,0,0,15376,22119,2564,-1,-1,-1,-1,-1,-1,-1,-1,-1,-1,-1,-1,-1,-1,-1,-1,-1,-1
'13:53:57.473,0.0,31163,-1,522552,66724,5848047,263009,,0.0,0.0,8752,9023,9492,0,0,0,15376,22140,2564,-1,-1,-1,-1,-1,-1,-1,-1,-1,-1,-1,-1,-1,-1,-1,-1,-1,-1
'13:53:58.474,0.0,31163,-1,522552,66724,5848047,263009,,0.0,0.0,8752,9023,9492,0,0,0,15376,22140,2564,-1,-1,-1,-1,-1,-1,-1,-1,-1,-1,-1,-1,-1,-1,-1,-1,-1,-1
'13:53:59.498,0.0,31163,-1,522552,66724,5848047,263009,,0.0,0.0,8752,9023,9492,0,0,0,15376,22140,2564,-1,-1,-1,-1,-1,-1,-1,-1,-1,-1,-1,-1,-1,-1,-1,-1,-1,-1
'13:54:00.489,0.0,31163,-1,522552,66724,5848047,263009,,0.0,0.0,8752,9023,9492,0,0,0,15376,22140,2564,-1,-1,-1,-1,-1,-1,-1,-1,-1,-1,-1,-1,-1,-1,-1,-1,-1,-1
'13:54:01.470,0.0,31163,-1,522552,66724,5848047,263009,,0.0,0.0,8752,9023,9492,0,0,0,15376,22140,2564,-1,-1,-1,-1,-1,-1,-1,-1,-1,-1,-1,-1,-1,-1,-1,-1,-1,-1
'13:54:02.466,0.0,31163,-1,522552,66724,5848047,263009,,0.0,0.0,8752,9023,9492,0,0,0,15376,22140,2564,-1,-1,-1,-1,-1,-1,-1,-1,-1,-1,-1,-1,-1,-1,-1,-1,-1,-1
'13:54:03.458,0.0,31163,-1,522552,66724,5848047,263009,,0.0,0.0,8752,9023,9492,0,0,0,15376,22140,2564,-1,-1,-1,-1,-1,-1,-1,-1,-1,-1,-1,-1,-1,-1,-1,-1,-1,-1
'13:54:04.498,0.0,31142,-1,522552,66724,5848047,263009,,0.0,0.0,8752,9023,9492,0,0,0,15376,22119,2564,-1,-1,-1,-1,-1,-1,-1,-1,-1,-1,-1,-1,-1,-1,-1,-1,-1,-1
'13:54:05.471,0.0,31142,-1,522552,66724,5848047,263009,,0.0,0.0,8752,9023,9492,0,0,0,15376,22119,2564,-1,-1,-1,-1,-1,-1,-1,-1,-1,-1,-1,-1,-1,-1,-1,-1,-1,-1
'13:54:06.507,0.0,31142,-1,522552,66724,5848047,263009,,0.0,0.0,8752,9023,9492,0,0,0,15376,22119,2564,-1,-1,-1,-1,-1,-1,-1,-1,-1,-1,-1,-1,-1,-1,-1,-1,-1,-1
'13:54:07.485,0.0,31163,-1,522552,66724,5848047,263009,,0.0,0.0,8752,9023,9492,0,0,0,15376,22140,2564,-1,-1,-1,-1,-1,-1,-1,-1,-1,-1,-1,-1,-1,-1,-1,-1,-1,-1
'13:54:08.468,0.0,31163,-1,522552,66724,5848047,263009,,0.0,0.0,8752,9023,9492,0,0,0,15376,22140,2564,-1,-1,-1,-1,-1,-1,-1,-1,-1,-1,-1,-1,-1,-1,-1,-1,-1,-1
'13:54:09.474,0.0,31163,-1,522552,66724,5848047,263009,,0.0,0.0,8752,9023,9492,0,0,0,15376,22140,2564,-1,-1,-1,-1,-1,-1,-1,-1,-1,-1,-1,-1,-1,-1,-1,-1,-1,-1
'13:54:10.477,0.0,31163,-1,522552,66724,5848047,263009,,0.0,0.0,8752,9023,9492,0,0,0,15376,22140,2564,-1,-1,-1,-1,-1,-1,-1,-1,-1,-1,-1,-1,-1,-1,-1,-1,-1,-1
'13:54:11.482,0.0,31163,-1,522552,66724,5848047,263009,,0.0,0.0,8752,9023,9492,0,0,0,15376,22140,2564,-1,-1,-1,-1,-1,-1,-1,-1,-1,-1,-1,-1,-1,-1,-1,-1,-1,-1
'13:54:12.479,0.0,31163,-1,522552,66724,5848047,263009,,0.0,0.0,8752,9023,9492,0,0,0,15376,22140,2564,-1,-1,-1,-1,-1,-1,-1,-1,-1,-1,-1,-1,-1,-1,-1,-1,-1,-1
'13:54:13.479,0.0,31163,-1,522552,66724,5848047,263009,,0.0,0.0,8752,9023,9492,0,0,0,15376,22140,2564,-1,-1,-1,-1,-1,-1,-1,-1,-1,-1,-1,-1,-1,-1,-1,-1,-1,-1
'13:54:14.478,0.0,31163,-1,522552,66724,5848047,263009,,0.0,0.0,8752,9023,9492,0,0,0,15376,22140,2564,-1,-1,-1,-1,-1,-1,-1,-1,-1,-1,-1,-1,-1,-1,-1,-1,-1,-1
'13:54:15.500,0.0,31163,-1,522552,66724,5848047,263009,,0.0,0.0,8752,9023,9492,0,0,0,15376,22140,2564,-1,-1,-1,-1,-1,-1,-1,-1,-1,-1,-1,-1,-1,-1,-1,-1,-1,-1
'13:54:16.470,0.0,31163,-1,522552,66724,5848047,263009,,0.0,0.0,8752,9023,9492,0,0,0,15376,22140,2564,-1,-1,-1,-1,-1,-1,-1,-1,-1,-1,-1,-1,-1,-1,-1,-1,-1,-1
'13:54:17.499,0.0,31163,-1,522552,66724,5848047,263009,,0.0,0.0,8752,9023,9492,0,0,0,15376,22140,2564,-1,-1,-1,-1,-1,-1,-1,-1,-1,-1,-1,-1,-1,-1,-1,-1,-1,-1
'13:54:18.473,0.0,31163,-1,522552,66724,5848047,263009,,0.0,0.0,8752,9023,9492,0,0,0,15376,22140,2564,-1,-1,-1,-1,-1,-1,-1,-1,-1,-1,-1,-1,-1,-1,-1,-1,-1,-1
'13:54:19.480,0.0,31163,-1,522552,66724,5848047,263009,,0.0,0.0,8752,9023,9492,0,0,0,15376,22140,2564,-1,-1,-1,-1,-1,-1,-1,-1,-1,-1,-1,-1,-1,-1,-1,-1,-1,-1
'13:54:20.470,0.0,31163,-1,522552,66724,5848047,263009,,0.0,0.0,8752,9023,9492,0,0,0,15376,22140,2564,-1,-1,-1,-1,-1,-1,-1,-1,-1,-1,-1,-1,-1,-1,-1,-1,-1,-1
'13:54:21.483,0.0,31163,-1,522552,66724,5848047,263009,,0.0,0.0,8752,9023,9492,0,0,0,15376,22140,2564,-1,-1,-1,-1,-1,-1,-1,-1,-1,-1,-1,-1,-1,-1,-1,-1,-1,-1
'13:54:22.487,0.0,31163,-1,522552,66724,5848047,263009,,0.0,0.0,8752,9023,9492,0,0,0,15376,22140,2564,-1,-1,-1,-1,-1,-1,-1,-1,-1,-1,-1,-1,-1,-1,-1,-1,-1,-1
'13:54:23.475,0.0,31163,-1,522552,66724,5848047,263009,,0.0,0.0,8752,9023,9492,0,0,0,15376,22140,2564,-1,-1,-1,-1,-1,-1,-1,-1,-1,-1,-1,-1,-1,-1,-1,-1,-1,-1
'13:54:24.505,0.0,31163,-1,522552,66724,5848047,263009,,0.0,0.0,8752,9023,9492,0,0,0,15376,22140,2564,-1,-1,-1,-1,-1,-1,-1,-1,-1,-1,-1,-1,-1,-1,-1,-1,-1,-1
'13:54:25.497,0.0,31163,-1,522552,66724,5848047,263009,,0.0,0.0,8752,9023,9492,0,0,0,15376,22140,2564,-1,-1,-1,-1,-1,-1,-1,-1,-1,-1,-1,-1,-1,-1,-1,-1,-1,-1
'13:54:26.475,0.0,31163,-1,522552,66724,5848047,263009,,0.0,0.0,8752,9023,9492,0,0,0,15376,22140,2564,-1,-1,-1,-1,-1,-1,-1,-1,-1,-1,-1,-1,-1,-1,-1,-1,-1,-1
'13:54:27.510,0.0,31163,-1,522552,66724,5848047,263009,,0.0,0.0,8752,9023,9492,0,0,0,15376,22140,2564,-1,-1,-1,-1,-1,-1,-1,-1,-1,-1,-1,-1,-1,-1,-1,-1,-1,-1
'13:54:28.479,0.0,31163,-1,522552,66724,5848047,263009,,0.0,0.0,8752,9023,9492,0,0,0,15376,22140,2564,-1,-1,-1,-1,-1,-1,-1,-1,-1,-1,-1,-1,-1,-1,-1,-1,-1,-1
'13:54:29.500,0.0,31163,-1,522552,66724,5848047,263009,,0.0,0.0,8752,9023,9492,0,0,0,15376,22140,2564,-1,-1,-1,-1,-1,-1,-1,-1,-1,-1,-1,-1,-1,-1,-1,-1,-1,-1
'13:54:30.500,0.0,31155,-1,521512,66716,5848047,263009,,0.0,0.0,8752,9023,9492,0,0,0,15368,22132,2564,-1,-1,-1,-1,-1,-1,-1,-1,-1,-1,-1,-1,-1,-1,-1,-1,-1,-1
'13:54:31.490,0.0,31155,-1,521512,66716,5848047,263009,,0.0,0.0,8752,9023,9492,0,0,0,15368,22132,2564,-1,-1,-1,-1,-1,-1,-1,-1,-1,-1,-1,-1,-1,-1,-1,-1,-1,-1
'13:54:32.501,0.0,31155,-1,521512,66716,5848047,263009,,0.0,0.0,8752,9023,9492,0,0,0,15368,22132,2564,-1,-1,-1,-1,-1,-1,-1,-1,-1,-1,-1,-1,-1,-1,-1,-1,-1,-1
'13:54:33.490,0.0,31155,-1,521512,66716,5848047,263009,,0.0,0.0,8752,9023,9492,0,0,0,15368,22132,2564,-1,-1,-1,-1,-1,-1,-1,-1,-1,-1,-1,-1,-1,-1,-1,-1,-1,-1
'13:54:34.502,0.0,31155,-1,521512,66716,5848047,263009,,0.0,0.0,8752,9023,9492,0,0,0,15368,22132,2564,-1,-1,-1,-1,-1,-1,-1,-1,-1,-1,-1,-1,-1,-1,-1,-1,-1,-1
'13:54:35.532,0.0,31155,-1,521512,66716,5848047,263009,,0.0,0.0,8752,9023,9492,0,0,0,15368,22132,2564,-1,-1,-1,-1,-1,-1,-1,-1,-1,-1,-1,-1,-1,-1,-1,-1,-1,-1
'13:54:36.501,0.0,31155,-1,521512,66716,5848047,263009,,0.0,0.0,8752,9023,9492,0,0,0,15368,22132,2564,-1,-1,-1,-1,-1,-1,-1,-1,-1,-1,-1,-1,-1,-1,-1,-1,-1,-1
'13:54:37.505,0.0,31155,-1,521512,66716,5848047,263009,,0.0,0.0,8752,9023,9492,0,0,0,15368,22132,2564,-1,-1,-1,-1,-1,-1,-1,-1,-1,-1,-1,-1,-1,-1,-1,-1,-1,-1
'13:54:38.511,0.0,31155,-1,521512,66716,5848047,263009,,0.0,0.0,8752,9023,9492,0,0,0,15368,22132,2564,-1,-1,-1,-1,-1,-1,-1,-1,-1,-1,-1,-1,-1,-1,-1,-1,-1,-1
'13:54:39.511,0.0,31155,-1,521512,66716,5848047,263009,,0.0,0.0,8752,9023,9492,0,0,0,15368,22132,2564,-1,-1,-1,-1,-1,-1,-1,-1,-1,-1,-1,-1,-1,-1,-1,-1,-1,-1
'13:54:40.500,0.0,31155,-1,521512,66716,5848047,263009,,0.0,0.0,8752,9023,9492,0,0,0,15368,22132,2564,-1,-1,-1,-1,-1,-1,-1,-1,-1,-1,-1,-1,-1,-1,-1,-1,-1,-1
'13:54:41.483,0.0,31155,-1,521512,66716,5848047,263009,,0.0,0.0,8752,9023,9492,0,0,0,15368,22132,2564,-1,-1,-1,-1,-1,-1,-1,-1,-1,-1,-1,-1,-1,-1,-1,-1,-1,-1
'13:54:42.493,0.0,31155,-1,521512,66716,5848047,263009,,0.0,0.0,8752,9023,9492,0,0,0,15368,22132,2564,-1,-1,-1,-1,-1,-1,-1,-1,-1,-1,-1,-1,-1,-1,-1,-1,-1,-1
'13:54:43.491,0.0,31155,-1,521512,66716,5848047,263009,,0.0,0.0,8752,9023,9492,0,0,0,15368,22132,2564,-1,-1,-1,-1,-1,-1,-1,-1,-1,-1,-1,-1,-1,-1,-1,-1,-1,-1
'13:54:44.504,0.0,31155,-1,521512,66716,5848047,263009,,0.0,0.0,8752,9023,9492,0,0,0,15368,22132,2564,-1,-1,-1,-1,-1,-1,-1,-1,-1,-1,-1,-1,-1,-1,-1,-1,-1,-1
'13:54:45.494,0.0,31155,-1,521512,66716,5848047,263009,,0.0,0.0,8752,9023,9492,0,0,0,15368,22132,2564,-1,-1,-1,-1,-1,-1,-1,-1,-1,-1,-1,-1,-1,-1,-1,-1,-1,-1
'13:54:46.481,0.0,31155,-1,521512,66716,5848047,263009,,0.0,0.0,8752,9023,9492,0,0,0,15368,22132,2564,-1,-1,-1,-1,-1,-1,-1,-1,-1,-1,-1,-1,-1,-1,-1,-1,-1,-1
'13:54:47.529,0.0,31155,-1,521512,66716,5848047,263009,,0.0,0.0,8752,9023,9492,0,0,0,15368,22132,2564,-1,-1,-1,-1,-1,-1,-1,-1,-1,-1,-1,-1,-1,-1,-1,-1,-1,-1
'13:54:48.485,0.0,31155,-1,521512,66716,5848047,263009,,0.0,0.0,8752,9023,9492,0,0,0,15368,22132,2564,-1,-1,-1,-1,-1,-1,-1,-1,-1,-1,-1,-1,-1,-1,-1,-1,-1,-1
'13:54:49.483,0.0,31155,-1,521512,66716,5848047,263009,,0.0,0.0,8752,9023,9492,0,0,0,15368,22132,2564,-1,-1,-1,-1,-1,-1,-1,-1,-1,-1,-1,-1,-1,-1,-1,-1,-1,-1
'13:54:50.514,0.0,31155,-1,521512,66716,5848047,263009,,0.0,0.0,8752,9023,9492,0,0,0,15368,22132,2564,-1,-1,-1,-1,-1,-1,-1,-1,-1,-1,-1,-1,-1,-1,-1,-1,-1,-1
'13:54:51.496,0.0,31155,-1,521512,66716,5848047,263009,,0.0,0.0,8752,9023,9492,0,0,0,15368,22132,2564,-1,-1,-1,-1,-1,-1,-1,-1,-1,-1,-1,-1,-1,-1,-1,-1,-1,-1
'13:54:52.499,0.0,31155,-1,521512,66716,5848047,263009,,0.0,0.0,8752,9023,9492,0,0,0,15368,22132,2564,-1,-1,-1,-1,-1,-1,-1,-1,-1,-1,-1,-1,-1,-1,-1,-1,-1,-1
'13:54:53.502,0.0,31155,-1,521512,66716,5848047,263009,,0.0,0.0,8752,9023,9492,0,0,0,15368,22132,2564,-1,-1,-1,-1,-1,-1,-1,-1,-1,-1,-1,-1,-1,-1,-1,-1,-1,-1
'13:54:54.496,0.0,31155,-1,521512,66716,5848047,263009,,0.0,0.0,8752,9023,9492,0,0,0,15368,22132,2564,-1,-1,-1,-1,-1,-1,-1,-1,-1,-1,-1,-1,-1,-1,-1,-1,-1,-1
'13:54:55.500,0.0,31155,-1,521512,66716,5848047,263009,,0.0,0.0,8752,9023,9492,0,0,0,15368,22132,2564,-1,-1,-1,-1,-1,-1,-1,-1,-1,-1,-1,-1,-1,-1,-1,-1,-1,-1
'13:54:56.490,0.0,31155,-1,521512,66716,5848047,263009,,0.0,0.0,8752,9023,9492,0,0,0,15368,22132,2564,-1,-1,-1,-1,-1,-1,-1,-1,-1,-1,-1,-1,-1,-1,-1,-1,-1,-1
'13:54:57.501,0.0,31155,-1,521512,66716,5848047,263009,,0.0,0.0,8752,9023,9492,0,0,0,15368,22132,2564,-1,-1,-1,-1,-1,-1,-1,-1,-1,-1,-1,-1,-1,-1,-1,-1,-1,-1
'13:54:58.490,0.0,31155,-1,521512,66716,5848047,263009,,0.0,0.0,8752,9023,9492,0,0,0,15368,22132,2564,-1,-1,-1,-1,-1,-1,-1,-1,-1,-1,-1,-1,-1,-1,-1,-1,-1,-1
'13:54:59.500,0.0,31155,-1,521512,66716,5848047,263009,,0.0,0.0,8752,9023,9492,0,0,0,15368,22132,2564,-1,-1,-1,-1,-1,-1,-1,-1,-1,-1,-1,-1,-1,-1,-1,-1,-1,-1
'13:55:00.504,0.0,31155,-1,521512,66716,5848047,263009,,0.0,0.0,8752,9023,9492,0,0,0,15368,22132,2564,-1,-1,-1,-1,-1,-1,-1,-1,-1,-1,-1,-1,-1,-1,-1,-1,-1,-1
'13:55:01.505,0.0,31155,-1,521512,66716,5848047,263009,,0.0,0.0,8752,9023,9492,0,0,0,15368,22132,2564,-1,-1,-1,-1,-1,-1,-1,-1,-1,-1,-1,-1,-1,-1,-1,-1,-1,-1
'13:55:02.511,0.0,31155,-1,521512,66716,5848047,263009,,0.0,0.0,8752,9023,9492,0,0,0,15368,22132,2564,-1,-1,-1,-1,-1,-1,-1,-1,-1,-1,-1,-1,-1,-1,-1,-1,-1,-1
'13:55:03.512,0.0,31155,-1,521512,66716,5848047,263009,,0.0,0.0,8752,9023,9492,0,0,0,15368,22132,2564,-1,-1,-1,-1,-1,-1,-1,-1,-1,-1,-1,-1,-1,-1,-1,-1,-1,-1
'13:55:04.509,0.0,31155,-1,521512,66716,5848047,263009,,0.0,0.0,8752,9023,9492,0,0,0,15368,22132,2564,-1,-1,-1,-1,-1,-1,-1,-1,-1,-1,-1,-1,-1,-1,-1,-1,-1,-1
'13:55:05.494,0.0,31155,-1,521512,66716,5848047,263009,,0.0,0.0,8752,9023,9492,0,0,0,15368,22132,2564,-1,-1,-1,-1,-1,-1,-1,-1,-1,-1,-1,-1,-1,-1,-1,-1,-1,-1
'13:55:06.539,0.0,31155,-1,521512,66716,5848047,263009,,0.0,0.0,8752,9023,9492,0,0,0,15368,22132,2564,-1,-1,-1,-1,-1,-1,-1,-1,-1,-1,-1,-1,-1,-1,-1,-1,-1,-1
'13:55:07.523,0.0,31155,-1,521512,66716,5848047,263009,,0.0,0.0,8752,9023,9492,0,0,0,15368,22132,2564,-1,-1,-1,-1,-1,-1,-1,-1,-1,-1,-1,-1,-1,-1,-1,-1,-1,-1
'13:55:08.533,0.0,31155,-1,521512,66716,5848047,263009,,0.0,0.0,8752,9023,9492,0,0,0,15368,22132,2564,-1,-1,-1,-1,-1,-1,-1,-1,-1,-1,-1,-1,-1,-1,-1,-1,-1,-1
'13:55:09.549,0.0,31155,-1,521512,66716,5848047,263009,,0.0,0.0,8752,9023,9492,0,0,0,15368,22132,2564,-1,-1,-1,-1,-1,-1,-1,-1,-1,-1,-1,-1,-1,-1,-1,-1,-1,-1
'13:55:10.521,0.0,31155,-1,521512,66716,5848047,263009,,0.0,0.0,8752,9023,9492,0,0,0,15368,22132,2564,-1,-1,-1,-1,-1,-1,-1,-1,-1,-1,-1,-1,-1,-1,-1,-1,-1,-1
'13:55:11.511,0.0,31155,-1,521512,66716,5848047,263009,,0.0,0.0,8752,9023,9492,0,0,0,15368,22132,2564,-1,-1,-1,-1,-1,-1,-1,-1,-1,-1,-1,-1,-1,-1,-1,-1,-1,-1
'13:55:12.516,0.0,31155,-1,521512,66716,5848047,263009,,0.0,0.0,8752,9023,9492,0,0,0,15368,22132,2564,-1,-1,-1,-1,-1,-1,-1,-1,-1,-1,-1,-1,-1,-1,-1,-1,-1,-1
'13:55:13.505,0.0,31155,-1,521512,66716,5848047,263009,,0.0,0.0,8752,9023,9492,0,0,0,15368,22132,2564,-1,-1,-1,-1,-1,-1,-1,-1,-1,-1,-1,-1,-1,-1,-1,-1,-1,-1
'13:55:14.501,0.0,31155,-1,521512,66716,5848047,263009,,0.0,0.0,8752,9023,9492,0,0,0,15368,22132,2564,-1,-1,-1,-1,-1,-1,-1,-1,-1,-1,-1,-1,-1,-1,-1,-1,-1,-1
'13:55:15.524,0.0,31155,-1,521512,66716,5848047,263009,,0.0,0.0,8752,9023,9492,0,0,0,15368,22132,2564,-1,-1,-1,-1,-1,-1,-1,-1,-1,-1,-1,-1,-1,-1,-1,-1,-1,-1
'13:55:16.525,0.0,31155,-1,521512,66716,5848047,263009,,0.0,0.0,8752,9023,9492,0,0,0,15368,22132,2564,-1,-1,-1,-1,-1,-1,-1,-1,-1,-1,-1,-1,-1,-1,-1,-1,-1,-1
'13:55:17.518,0.0,31155,-1,521512,66716,5848047,263009,,0.0,0.0,8752,9023,9492,0,0,0,15368,22132,2564,-1,-1,-1,-1,-1,-1,-1,-1,-1,-1,-1,-1,-1,-1,-1,-1,-1,-1
'13:55:18.517,0.0,31155,-1,521512,66716,5848047,263009,,0.0,0.0,8752,9023,9492,0,0,0,15368,22132,2564,-1,-1,-1,-1,-1,-1,-1,-1,-1,-1,-1,-1,-1,-1,-1,-1,-1,-1
'13:55:19.549,0.0,31155,-1,521512,66716,5848047,263009,,0.0,0.0,8752,9023,9492,0,0,0,15368,22132,2564,-1,-1,-1,-1,-1,-1,-1,-1,-1,-1,-1,-1,-1,-1,-1,-1,-1,-1
'13:55:20.546,0.0,31155,-1,521512,66716,5848047,263009,,0.0,0.0,8752,9023,9492,0,0,0,15368,22132,2564,-1,-1,-1,-1,-1,-1,-1,-1,-1,-1,-1,-1,-1,-1,-1,-1,-1,-1
'13:55:21.520,0.0,31155,-1,521512,66716,5848047,263009,,0.0,0.0,8752,9023,9492,0,0,0,15368,22132,2564,-1,-1,-1,-1,-1,-1,-1,-1,-1,-1,-1,-1,-1,-1,-1,-1,-1,-1
'13:55:22.519,0.0,31155,-1,521512,66716,5848047,263009,,0.0,0.0,8752,9023,9492,0,0,0,15368,22132,2564,-1,-1,-1,-1,-1,-1,-1,-1,-1,-1,-1,-1,-1,-1,-1,-1,-1,-1
'13:55:23.527,0.0,31155,-1,521512,66716,5848047,263009,,0.0,0.0,8752,9023,9492,0,0,0,15368,22132,2564,-1,-1,-1,-1,-1,-1,-1,-1,-1,-1,-1,-1,-1,-1,-1,-1,-1,-1
'13:55:24.520,0.0,31155,-1,521512,66716,5848047,263009,,0.0,0.0,8752,9023,9492,0,0,0,15368,22132,2564,-1,-1,-1,-1,-1,-1,-1,-1,-1,-1,-1,-1,-1,-1,-1,-1,-1,-1
'13:55:25.531,0.0,31155,-1,521512,66716,5848047,263009,,0.0,0.0,8752,9023,9492,0,0,0,15368,22132,2564,-1,-1,-1,-1,-1,-1,-1,-1,-1,-1,-1,-1,-1,-1,-1,-1,-1,-1
'13:55:26.529,0.0,31155,-1,521512,66716,5848047,263009,,0.0,0.0,8752,9023,9492,0,0,0,15368,22132,2564,-1,-1,-1,-1,-1,-1,-1,-1,-1,-1,-1,-1,-1,-1,-1,-1,-1,-1
'13:55:27.516,0.0,31155,-1,521512,66716,5848047,263009,,0.0,0.0,8752,9023,9492,0,0,0,15368,22132,2564,-1,-1,-1,-1,-1,-1,-1,-1,-1,-1,-1,-1,-1,-1,-1,-1,-1,-1
'13:55:28.525,0.0,31134,-1,521512,66716,5848047,263009,,0.0,0.0,8752,9023,9492,0,0,0,15368,22111,2564,-1,-1,-1,-1,-1,-1,-1,-1,-1,-1,-1,-1,-1,-1,-1,-1,-1,-1
'13:55:29.527,0.0,31134,-1,521512,66716,5848047,263009,,0.0,0.0,8752,9023,9492,0,0,0,15368,22111,2564,-1,-1,-1,-1,-1,-1,-1,-1,-1,-1,-1,-1,-1,-1,-1,-1,-1,-1
'13:55:30.513,0.0,31134,-1,521512,66716,5848047,263009,,0.0,0.0,8752,9023,9492,0,0,0,15368,22111,2564,-1,-1,-1,-1,-1,-1,-1,-1,-1,-1,-1,-1,-1,-1,-1,-1,-1,-1
'13:55:31.530,0.0,31155,-1,521512,66716,5848047,263009,,0.0,0.0,8752,9023,9492,0,0,0,15368,22132,2564,-1,-1,-1,-1,-1,-1,-1,-1,-1,-1,-1,-1,-1,-1,-1,-1,-1,-1
'13:55:32.520,0.0,31155,-1,521512,66716,5848047,263009,,0.0,0.0,8752,9023,9492,0,0,0,15368,22132,2564,-1,-1,-1,-1,-1,-1,-1,-1,-1,-1,-1,-1,-1,-1,-1,-1,-1,-1
'13:55:33.515,0.0,31155,-1,521512,66716,5848047,263009,,0.0,0.0,8752,9023,9492,0,0,0,15368,22132,2564,-1,-1,-1,-1,-1,-1,-1,-1,-1,-1,-1,-1,-1,-1,-1,-1,-1,-1
'13:55:34.527,0.0,31155,-1,521512,66716,5848047,263009,,0.0,0.0,8752,9023,9492,0,0,0,15368,22132,2564,-1,-1,-1,-1,-1,-1,-1,-1,-1,-1,-1,-1,-1,-1,-1,-1,-1,-1
'13:55:35.529,0.0,31155,-1,521512,66716,5848047,263009,,0.0,0.0,8752,9023,9492,0,0,0,15368,22132,2564,-1,-1,-1,-1,-1,-1,-1,-1,-1,-1,-1,-1,-1,-1,-1,-1,-1,-1
'13:55:36.504,0.0,31155,-1,521512,66716,5848047,263009,,0.0,0.0,8752,9023,9492,0,0,0,15368,22132,2564,-1,-1,-1,-1,-1,-1,-1,-1,-1,-1,-1,-1,-1,-1,-1,-1,-1,-1
'13:55:37.532,0.0,31155,-1,521512,66716,5848047,263009,,0.0,0.0,8752,9023,9492,0,0,0,15368,22132,2564,-1,-1,-1,-1,-1,-1,-1,-1,-1,-1,-1,-1,-1,-1,-1,-1,-1,-1
'13:55:38.527,0.0,31155,-1,521512,66716,5848047,263009,,0.0,0.0,8752,9023,9492,0,0,0,15368,22132,2564,-1,-1,-1,-1,-1,-1,-1,-1,-1,-1,-1,-1,-1,-1,-1,-1,-1,-1
'13:55:39.513,0.0,31155,-1,521512,66716,5848047,263009,,0.0,0.0,8752,9023,9492,0,0,0,15368,22132,2564,-1,-1,-1,-1,-1,-1,-1,-1,-1,-1,-1,-1,-1,-1,-1,-1,-1,-1
'13:55:40.540,0.0,31155,-1,521512,66716,5848047,263009,,0.0,0.0,8752,9023,9492,0,0,0,15368,22132,2564,-1,-1,-1,-1,-1,-1,-1,-1,-1,-1,-1,-1,-1,-1,-1,-1,-1,-1
'13:55:41.514,0.0,31155,-1,521512,66716,5848047,263009,,0.0,0.0,8752,9023,9492,0,0,0,15368,22132,2564,-1,-1,-1,-1,-1,-1,-1,-1,-1,-1,-1,-1,-1,-1,-1,-1,-1,-1
'13:55:42.521,0.0,31155,-1,521512,66716,5848047,263009,,0.0,0.0,8752,9023,9492,0,0,0,15368,22132,2564,-1,-1,-1,-1,-1,-1,-1,-1,-1,-1,-1,-1,-1,-1,-1,-1,-1,-1
'13:55:43.521,0.0,31155,-1,521512,66716,5848047,263009,,0.0,0.0,8752,9023,9492,0,0,0,15368,22132,2564,-1,-1,-1,-1,-1,-1,-1,-1,-1,-1,-1,-1,-1,-1,-1,-1,-1,-1
'13:55:44.511,0.0,31155,-1,521512,66716,5848047,263009,,0.0,0.0,8752,9023,9492,0,0,0,15368,22132,2564,-1,-1,-1,-1,-1,-1,-1,-1,-1,-1,-1,-1,-1,-1,-1,-1,-1,-1
'13:55:45.533,0.0,31155,-1,521512,66716,5848047,263009,,0.0,0.0,8752,9023,9492,0,0,0,15368,22132,2564,-1,-1,-1,-1,-1,-1,-1,-1,-1,-1,-1,-1,-1,-1,-1,-1,-1,-1
'13:55:46.524,0.0,31155,-1,521512,66716,5848047,263009,,0.0,0.0,8752,9023,9492,0,0,0,15368,22132,2564,-1,-1,-1,-1,-1,-1,-1,-1,-1,-1,-1,-1,-1,-1,-1,-1,-1,-1
'13:55:47.529,0.0,31155,-1,521512,66716,5848047,263009,,0.0,0.0,8752,9023,9492,0,0,0,15368,22132,2564,-1,-1,-1,-1,-1,-1,-1,-1,-1,-1,-1,-1,-1,-1,-1,-1,-1,-1
'13:55:48.527,0.0,31155,-1,521512,66716,5848047,263009,,0.0,0.0,8752,9023,9492,0,0,0,15368,22132,2564,-1,-1,-1,-1,-1,-1,-1,-1,-1,-1,-1,-1,-1,-1,-1,-1,-1,-1
'13:55:49.510,0.0,31155,-1,521512,66716,5848047,263009,,0.0,0.0,8752,9023,9492,0,0,0,15368,22132,2564,-1,-1,-1,-1,-1,-1,-1,-1,-1,-1,-1,-1,-1,-1,-1,-1,-1,-1
'13:55:50.510,0.0,31155,-1,521512,66716,5848047,263009,,0.0,0.0,8752,9023,9492,0,0,0,15368,22132,2564,-1,-1,-1,-1,-1,-1,-1,-1,-1,-1,-1,-1,-1,-1,-1,-1,-1,-1
'13:55:51.544,0.0,31155,-1,521512,66716,5848047,263009,,0.0,0.0,8752,9023,9492,0,0,0,15368,22132,2564,-1,-1,-1,-1,-1,-1,-1,-1,-1,-1,-1,-1,-1,-1,-1,-1,-1,-1
'13:55:52.527,0.0,31155,-1,521512,66716,5848047,263009,,0.0,0.0,8752,9023,9492,0,0,0,15368,22132,2564,-1,-1,-1,-1,-1,-1,-1,-1,-1,-1,-1,-1,-1,-1,-1,-1,-1,-1
'13:55:53.531,0.0,31155,-1,521512,66716,5848047,263009,,0.0,0.0,8752,9023,9492,0,0,0,15368,22132,2564,-1,-1,-1,-1,-1,-1,-1,-1,-1,-1,-1,-1,-1,-1,-1,-1,-1,-1
'13:55:54.514,0.0,31134,-1,521512,66716,5848047,263009,,0.0,0.0,8752,9023,9492,0,0,0,15368,22111,2564,-1,-1,-1,-1,-1,-1,-1,-1,-1,-1,-1,-1,-1,-1,-1,-1,-1,-1
'13:55:55.532,0.0,31134,-1,521512,66716,5848047,263009,,0.0,0.0,8752,9023,9492,0,0,0,15368,22111,2564,-1,-1,-1,-1,-1,-1,-1,-1,-1,-1,-1,-1,-1,-1,-1,-1,-1,-1
'13:55:56.548,0.0,31134,-1,521512,66716,5848047,263009,,0.0,0.0,8752,9023,9492,0,0,0,15368,22111,2564,-1,-1,-1,-1,-1,-1,-1,-1,-1,-1,-1,-1,-1,-1,-1,-1,-1,-1
'13:55:57.523,0.0,31155,-1,521512,66716,5848047,263009,,0.0,0.0,8752,9023,9492,0,0,0,15368,22132,2564,-1,-1,-1,-1,-1,-1,-1,-1,-1,-1,-1,-1,-1,-1,-1,-1,-1,-1
'13:55:58.539,0.0,31155,-1,521512,66716,5848047,263009,,0.0,0.0,8752,9023,9492,0,0,0,15368,22132,2564,-1,-1,-1,-1,-1,-1,-1,-1,-1,-1,-1,-1,-1,-1,-1,-1,-1,-1
'13:55:59.514,0.0,31155,-1,521512,66716,5848047,263009,,0.0,0.0,8752,9023,9492,0,0,0,15368,22132,2564,-1,-1,-1,-1,-1,-1,-1,-1,-1,-1,-1,-1,-1,-1,-1,-1,-1,-1
'13:56:00.521,0.0,31155,-1,521512,66716,5848047,263009,,0.0,0.0,8752,9023,9492,0,0,0,15368,22132,2564,-1,-1,-1,-1,-1,-1,-1,-1,-1,-1,-1,-1,-1,-1,-1,-1,-1,-1
'13:56:01.521,0.0,31155,-1,521512,66716,5848047,263009,,0.0,0.0,8752,9023,9492,0,0,0,15368,22132,2564,-1,-1,-1,-1,-1,-1,-1,-1,-1,-1,-1,-1,-1,-1,-1,-1,-1,-1
'13:56:02.531,0.0,31155,-1,521512,66716,5848047,263009,,0.0,0.0,8752,9023,9492,0,0,0,15368,22132,2564,-1,-1,-1,-1,-1,-1,-1,-1,-1,-1,-1,-1,-1,-1,-1,-1,-1,-1
'13:56:03.526,0.0,31155,-1,521512,66716,5848047,263009,,0.0,0.0,8752,9023,9492,0,0,0,15368,22132,2564,-1,-1,-1,-1,-1,-1,-1,-1,-1,-1,-1,-1,-1,-1,-1,-1,-1,-1
'13:56:04.532,0.0,31155,-1,521512,66716,5848047,263009,,0.0,0.0,8752,9023,9492,0,0,0,15368,22132,2564,-1,-1,-1,-1,-1,-1,-1,-1,-1,-1,-1,-1,-1,-1,-1,-1,-1,-1
'13:56:05.524,0.0,31155,-1,521512,66716,5848047,263009,,0.0,0.0,8752,9023,9492,0,0,0,15368,22132,2564,-1,-1,-1,-1,-1,-1,-1,-1,-1,-1,-1,-1,-1,-1,-1,-1,-1,-1
'13:56:06.539,0.0,31155,-1,521512,66716,5848047,263009,,0.0,0.0,8752,9023,9492,0,0,0,15368,22132,2564,-1,-1,-1,-1,-1,-1,-1,-1,-1,-1,-1,-1,-1,-1,-1,-1,-1,-1
'13:56:07.527,0.0,31155,-1,521512,66716,5848047,263009,,0.0,0.0,8752,9023,9492,0,0,0,15368,22132,2564,-1,-1,-1,-1,-1,-1,-1,-1,-1,-1,-1,-1,-1,-1,-1,-1,-1,-1
'13:56:08.507,0.0,31155,-1,521512,66716,5848047,263009,,0.0,0.0,8752,9023,9492,0,0,0,15368,22132,2564,-1,-1,-1,-1,-1,-1,-1,-1,-1,-1,-1,-1,-1,-1,-1,-1,-1,-1
'13:56:09.528,0.0,31155,-1,521512,66716,5848047,263009,,0.0,0.0,8752,9023,9492,0,0,0,15368,22132,2564,-1,-1,-1,-1,-1,-1,-1,-1,-1,-1,-1,-1,-1,-1,-1,-1,-1,-1
'13:56:10.536,0.0,31155,-1,521512,66716,5848047,263009,,0.0,0.0,8752,9023,9492,0,0,0,15368,22132,2564,-1,-1,-1,-1,-1,-1,-1,-1,-1,-1,-1,-1,-1,-1,-1,-1,-1,-1
'13:56:11.519,0.0,31155,-1,521512,66716,5848047,263009,,0.0,0.0,8752,9023,9492,0,0,0,15368,22132,2564,-1,-1,-1,-1,-1,-1,-1,-1,-1,-1,-1,-1,-1,-1,-1,-1,-1,-1
'13:56:12.522,0.0,31155,-1,521512,66716,5848047,263009,,0.0,0.0,8752,9023,9492,0,0,0,15368,22132,2564,-1,-1,-1,-1,-1,-1,-1,-1,-1,-1,-1,-1,-1,-1,-1,-1,-1,-1
'13:56:13.552,0.0,31155,-1,521512,66716,5848047,263009,,0.0,0.0,8752,9023,9492,0,0,0,15368,22132,2564,-1,-1,-1,-1,-1,-1,-1,-1,-1,-1,-1,-1,-1,-1,-1,-1,-1,-1
'13:56:14.532,0.0,31155,-1,521512,66716,5848047,263009,,0.0,0.0,8752,9023,9492,0,0,0,15368,22132,2564,-1,-1,-1,-1,-1,-1,-1,-1,-1,-1,-1,-1,-1,-1,-1,-1,-1,-1
'13:56:15.529,0.0,31155,-1,521512,66716,5848047,263009,,0.0,0.0,8752,9023,9492,0,0,0,15368,22132,2564,-1,-1,-1,-1,-1,-1,-1,-1,-1,-1,-1,-1,-1,-1,-1,-1,-1,-1
'13:56:16.543,0.0,31155,-1,521512,66716,5848047,263009,,0.0,0.0,8752,9023,9492,0,0,0,15368,22132,2564,-1,-1,-1,-1,-1,-1,-1,-1,-1,-1,-1,-1,-1,-1,-1,-1,-1,-1
'13:56:17.537,0.0,31155,-1,521512,66716,5848047,263009,,0.0,0.0,8752,9023,9492,0,0,0,15368,22132,2564,-1,-1,-1,-1,-1,-1,-1,-1,-1,-1,-1,-1,-1,-1,-1,-1,-1,-1
'13:56:18.549,0.0,31155,-1,521512,66716,5848047,263009,,0.0,0.0,8752,9023,9492,0,0,0,15368,22132,2564,-1,-1,-1,-1,-1,-1,-1,-1,-1,-1,-1,-1,-1,-1,-1,-1,-1,-1
'13:56:19.534,0.0,31155,-1,521512,66716,5848047,263009,,0.0,0.0,8752,9023,9492,0,0,0,15368,22132,2564,-1,-1,-1,-1,-1,-1,-1,-1,-1,-1,-1,-1,-1,-1,-1,-1,-1,-1
'13:56:20.544,0.0,31155,-1,521512,66716,5848047,263009,,0.0,0.0,8752,9023,9492,0,0,0,15368,22132,2564,-1,-1,-1,-1,-1,-1,-1,-1,-1,-1,-1,-1,-1,-1,-1,-1,-1,-1
'13:56:21.550,0.0,31155,-1,521512,66716,5848047,263009,,0.0,0.0,8752,9023,9492,0,0,0,15368,22132,2564,-1,-1,-1,-1,-1,-1,-1,-1,-1,-1,-1,-1,-1,-1,-1,-1,-1,-1
'13:56:22.535,0.0,31155,-1,521512,66716,5848047,263009,,0.0,0.0,8752,9023,9492,0,0,0,15368,22132,2564,-1,-1,-1,-1,-1,-1,-1,-1,-1,-1,-1,-1,-1,-1,-1,-1,-1,-1
'13:56:23.553,0.0,31155,-1,521512,66716,5848047,263009,,0.0,0.0,8752,9023,9492,0,0,0,15368,22132,2564,-1,-1,-1,-1,-1,-1,-1,-1,-1,-1,-1,-1,-1,-1,-1,-1,-1,-1
'13:56:24.563,0.0,31155,-1,521512,66716,5848047,263009,,0.0,0.0,8752,9023,9492,0,0,0,15368,22132,2564,-1,-1,-1,-1,-1,-1,-1,-1,-1,-1,-1,-1,-1,-1,-1,-1,-1,-1
'13:56:25.569,0.0,31155,-1,521512,66716,5848047,263009,,0.0,0.0,8752,9023,9492,0,0,0,15368,22132,2564,-1,-1,-1,-1,-1,-1,-1,-1,-1,-1,-1,-1,-1,-1,-1,-1,-1,-1
'13:56:26.583,0.0,31155,-1,521512,66716,5848047,263009,,0.0,0.0,8752,9023,9492,0,0,0,15368,22132,2564,-1,-1,-1,-1,-1,-1,-1,-1,-1,-1,-1,-1,-1,-1,-1,-1,-1,-1
'13:56:27.570,0.0,31155,-1,521512,66716,5848047,263009,,0.0,0.0,8752,9023,9492,0,0,0,15368,22132,2564,-1,-1,-1,-1,-1,-1,-1,-1,-1,-1,-1,-1,-1,-1,-1,-1,-1,-1
'13:56:28.578,0.0,31155,-1,521512,66716,5848047,263009,,0.0,0.0,8752,9023,9492,0,0,0,15368,22132,2564,-1,-1,-1,-1,-1,-1,-1,-1,-1,-1,-1,-1,-1,-1,-1,-1,-1,-1
'13:56:29.544,0.0,31155,-1,521512,66716,5848047,263009,,0.0,0.0,8752,9023,9492,0,0,0,15368,22132,2564,-1,-1,-1,-1,-1,-1,-1,-1,-1,-1,-1,-1,-1,-1,-1,-1,-1,-1
'13:56:30.561,0.0,31155,-1,521512,66716,5848047,263009,,0.0,0.0,8752,9023,9492,0,0,0,15368,22132,2564,-1,-1,-1,-1,-1,-1,-1,-1,-1,-1,-1,-1,-1,-1,-1,-1,-1,-1
'13:56:31.563,0.0,31155,-1,521512,66716,5848047,263009,,0.0,0.0,8752,9023,9492,0,0,0,15368,22132,2564,-1,-1,-1,-1,-1,-1,-1,-1,-1,-1,-1,-1,-1,-1,-1,-1,-1,-1
'13:56:32.544,0.0,31155,-1,521512,66716,5848047,263009,,0.0,0.0,8752,9023,9492,0,0,0,15368,22132,2564,-1,-1,-1,-1,-1,-1,-1,-1,-1,-1,-1,-1,-1,-1,-1,-1,-1,-1
'13:56:33.565,0.0,31155,-1,521512,66716,5848047,263009,,0.0,0.0,8752,9023,9492,0,0,0,15368,22132,2564,-1,-1,-1,-1,-1,-1,-1,-1,-1,-1,-1,-1,-1,-1,-1,-1,-1,-1
'13:56:34.567,0.0,31155,-1,521512,66716,5848047,263009,,0.0,0.0,8752,9023,9492,0,0,0,15368,22132,2564,-1,-1,-1,-1,-1,-1,-1,-1,-1,-1,-1,-1,-1,-1,-1,-1,-1,-1
'13:56:35.542,0.0,31155,-1,521512,66716,5848047,263009,,0.0,0.0,8752,9023,9492,0,0,0,15368,22132,2564,-1,-1,-1,-1,-1,-1,-1,-1,-1,-1,-1,-1,-1,-1,-1,-1,-1,-1
'13:56:36.561,0.0,31155,-1,521512,66716,5848047,263009,,0.0,0.0,8752,9023,9492,0,0,0,15368,22132,2564,-1,-1,-1,-1,-1,-1,-1,-1,-1,-1,-1,-1,-1,-1,-1,-1,-1,-1
'13:56:37.545,0.0,31155,-1,521512,66716,5848047,263009,,0.0,0.0,8752,9023,9492,0,0,0,15368,22132,2564,-1,-1,-1,-1,-1,-1,-1,-1,-1,-1,-1,-1,-1,-1,-1,-1,-1,-1
'13:56:38.557,0.0,31155,-1,521512,66716,5848047,263009,,0.0,0.0,8752,9023,9492,0,0,0,15368,22132,2564,-1,-1,-1,-1,-1,-1,-1,-1,-1,-1,-1,-1,-1,-1,-1,-1,-1,-1
'13:56:39.548,0.0,31155,-1,521512,66716,5848047,263009,,0.0,0.0,8752,9023,9492,0,0,0,15368,22132,2564,-1,-1,-1,-1,-1,-1,-1,-1,-1,-1,-1,-1,-1,-1,-1,-1,-1,-1
'13:56:40.552,0.0,31155,-1,521512,66716,5848047,263009,,0.0,0.0,8752,9023,9492,0,0,0,15368,22132,2564,-1,-1,-1,-1,-1,-1,-1,-1,-1,-1,-1,-1,-1,-1,-1,-1,-1,-1
'13:56:41.560,0.0,31155,-1,521512,66716,5848047,263009,,0.0,0.0,8752,9023,9492,0,0,0,15368,22132,2564,-1,-1,-1,-1,-1,-1,-1,-1,-1,-1,-1,-1,-1,-1,-1,-1,-1,-1
'13:56:42.562,0.0,31155,-1,521512,66716,5848047,263009,,0.0,0.0,8752,9023,9492,0,0,0,15368,22132,2564,-1,-1,-1,-1,-1,-1,-1,-1,-1,-1,-1,-1,-1,-1,-1,-1,-1,-1
'13:56:43.582,0.0,31155,-1,521512,66716,5848047,263009,,0.0,0.0,8752,9023,9492,0,0,0,15368,22132,2564,-1,-1,-1,-1,-1,-1,-1,-1,-1,-1,-1,-1,-1,-1,-1,-1,-1,-1
'13:56:44.553,0.0,31155,-1,521512,66716,5848047,263009,,0.0,0.0,8752,9023,9492,0,0,0,15368,22132,2564,-1,-1,-1,-1,-1,-1,-1,-1,-1,-1,-1,-1,-1,-1,-1,-1,-1,-1
'13:56:45.557,0.0,31155,-1,521512,66716,5848047,263009,,0.0,0.0,8752,9023,9492,0,0,0,15368,22132,2564,-1,-1,-1,-1,-1,-1,-1,-1,-1,-1,-1,-1,-1,-1,-1,-1,-1,-1
'13:56:46.577,0.0,31155,-1,521512,66716,5848047,263009,,0.0,0.0,8752,9023,9492,0,0,0,15368,22132,2564,-1,-1,-1,-1,-1,-1,-1,-1,-1,-1,-1,-1,-1,-1,-1,-1,-1,-1
'13:56:47.550,0.0,31155,-1,521512,66716,5848047,263009,,0.0,0.0,8752,9023,9492,0,0,0,15368,22132,2564,-1,-1,-1,-1,-1,-1,-1,-1,-1,-1,-1,-1,-1,-1,-1,-1,-1,-1
'13:56:48.544,0.0,31155,-1,521512,66716,5848047,263009,,0.0,0.0,8752,9023,9492,0,0,0,15368,22132,2564,-1,-1,-1,-1,-1,-1,-1,-1,-1,-1,-1,-1,-1,-1,-1,-1,-1,-1
'13:56:49.558,0.0,31155,-1,521512,66716,5848047,263009,,0.0,0.0,8752,9023,9492,0,0,0,15368,22132,2564,-1,-1,-1,-1,-1,-1,-1,-1,-1,-1,-1,-1,-1,-1,-1,-1,-1,-1
'13:56:50.573,0.0,31155,-1,521512,66716,5848047,263009,,0.0,0.0,8752,9023,9492,0,0,0,15368,22132,2564,-1,-1,-1,-1,-1,-1,-1,-1,-1,-1,-1,-1,-1,-1,-1,-1,-1,-1
'13:56:51.549,0.0,31155,-1,521512,66716,5848047,263009,,0.0,0.0,8752,9023,9492,0,0,0,15368,22132,2564,-1,-1,-1,-1,-1,-1,-1,-1,-1,-1,-1,-1,-1,-1,-1,-1,-1,-1
'13:56:52.562,0.0,31155,-1,521512,66716,5848047,263009,,0.0,0.0,8752,9023,9492,0,0,0,15368,22132,2564,-1,-1,-1,-1,-1,-1,-1,-1,-1,-1,-1,-1,-1,-1,-1,-1,-1,-1
'13:56:53.589,0.0,31155,-1,521512,66716,5848047,263009,,0.0,0.0,8752,9023,9492,0,0,0,15368,22132,2564,-1,-1,-1,-1,-1,-1,-1,-1,-1,-1,-1,-1,-1,-1,-1,-1,-1,-1
'13:56:54.548,0.0,31155,-1,521512,66716,5848047,263009,,0.0,0.0,8752,9023,9492,0,0,0,15368,22132,2564,-1,-1,-1,-1,-1,-1,-1,-1,-1,-1,-1,-1,-1,-1,-1,-1,-1,-1
'13:56:55.585,0.0,31155,-1,521512,66716,5848047,263009,,0.0,0.0,8752,9023,9492,0,0,0,15368,22132,2564,-1,-1,-1,-1,-1,-1,-1,-1,-1,-1,-1,-1,-1,-1,-1,-1,-1,-1
'13:56:56.562,0.0,31155,-1,521512,66716,5848047,263009,,0.0,0.0,8752,9023,9492,0,0,0,15368,22132,2564,-1,-1,-1,-1,-1,-1,-1,-1,-1,-1,-1,-1,-1,-1,-1,-1,-1,-1
'13:56:57.564,0.0,31155,-1,521512,66716,5848047,263009,,0.0,0.0,8752,9023,9492,0,0,0,15368,22132,2564,-1,-1,-1,-1,-1,-1,-1,-1,-1,-1,-1,-1,-1,-1,-1,-1,-1,-1
'13:56:58.573,0.0,31155,-1,521512,66716,5848047,263009,,0.0,0.0,8752,9023,9492,0,0,0,15368,22132,2564,-1,-1,-1,-1,-1,-1,-1,-1,-1,-1,-1,-1,-1,-1,-1,-1,-1,-1
'13:56:59.552,0.0,31155,-1,521512,66716,5848047,263009,,0.0,0.0,8752,9023,9492,0,0,0,15368,22132,2564,-1,-1,-1,-1,-1,-1,-1,-1,-1,-1,-1,-1,-1,-1,-1,-1,-1,-1
'13:57:00.546,0.0,31155,-1,521512,66716,5848047,263009,,0.0,0.0,8752,9023,9492,0,0,0,15368,22132,2564,-1,-1,-1,-1,-1,-1,-1,-1,-1,-1,-1,-1,-1,-1,-1,-1,-1,-1
'13:57:01.553,0.0,31155,-1,521512,66716,5848047,263009,,0.0,0.0,8752,9023,9492,0,0,0,15368,22132,2564,-1,-1,-1,-1,-1,-1,-1,-1,-1,-1,-1,-1,-1,-1,-1,-1,-1,-1
'13:57:02.565,0.0,31155,-1,521512,66716,5848047,263009,,0.0,0.0,8752,9023,9492,0,0,0,15368,22132,2564,-1,-1,-1,-1,-1,-1,-1,-1,-1,-1,-1,-1,-1,-1,-1,-1,-1,-1
'13:57:03.561,0.0,31155,-1,521512,66716,5848047,263009,,0.0,0.0,8752,9023,9492,0,0,0,15368,22132,2564,-1,-1,-1,-1,-1,-1,-1,-1,-1,-1,-1,-1,-1,-1,-1,-1,-1,-1
'13:57:04.559,0.0,31155,-1,521512,66716,5848047,263009,,0.0,0.0,8752,9023,9492,0,0,0,15368,22132,2564,-1,-1,-1,-1,-1,-1,-1,-1,-1,-1,-1,-1,-1,-1,-1,-1,-1,-1
'13:57:05.563,0.0,31155,-1,521512,66716,5848047,263009,,0.0,0.0,8752,9023,9492,0,0,0,15368,22132,2564,-1,-1,-1,-1,-1,-1,-1,-1,-1,-1,-1,-1,-1,-1,-1,-1,-1,-1
'13:57:06.557,0.0,31155,-1,521512,66716,5848047,263009,,0.0,0.0,8752,9023,9492,0,0,0,15368,22132,2564,-1,-1,-1,-1,-1,-1,-1,-1,-1,-1,-1,-1,-1,-1,-1,-1,-1,-1
'13:57:07.554,0.0,31155,-1,521512,66716,5848047,263009,,0.0,0.0,8752,9023,9492,0,0,0,15368,22132,2564,-1,-1,-1,-1,-1,-1,-1,-1,-1,-1,-1,-1,-1,-1,-1,-1,-1,-1
'13:57:08.559,0.0,31155,-1,521512,66716,5848047,263009,,0.0,0.0,8752,9023,9492,0,0,0,15368,22132,2564,-1,-1,-1,-1,-1,-1,-1,-1,-1,-1,-1,-1,-1,-1,-1,-1,-1,-1
'13:57:09.564,0.0,31155,-1,521512,66716,5848047,263009,,0.0,0.0,8752,9023,9492,0,0,0,15368,22132,2564,-1,-1,-1,-1,-1,-1,-1,-1,-1,-1,-1,-1,-1,-1,-1,-1,-1,-1
'13:57:10.581,0.0,31155,-1,521512,66716,5848047,263009,,0.0,0.0,8752,9023,9492,0,0,0,15368,22132,2564,-1,-1,-1,-1,-1,-1,-1,-1,-1,-1,-1,-1,-1,-1,-1,-1,-1,-1
'13:57:11.567,0.0,31155,-1,521512,66716,5848047,263009,,0.0,0.0,8752,9023,9492,0,0,0,15368,22132,2564,-1,-1,-1,-1,-1,-1,-1,-1,-1,-1,-1,-1,-1,-1,-1,-1,-1,-1
'13:57:12.580,0.0,31155,-1,521512,66716,5848047,263009,,0.0,0.0,8752,9023,9492,0,0,0,15368,22132,2564,-1,-1,-1,-1,-1,-1,-1,-1,-1,-1,-1,-1,-1,-1,-1,-1,-1,-1
'13:57:13.572,0.0,31155,-1,521512,66716,5848047,263009,,0.0,0.0,8752,9023,9492,0,0,0,15368,22132,2564,-1,-1,-1,-1,-1,-1,-1,-1,-1,-1,-1,-1,-1,-1,-1,-1,-1,-1
'13:57:14.591,0.0,31155,-1,521512,66716,5848047,263009,,0.0,0.0,8752,9023,9492,0,0,0,15368,22132,2564,-1,-1,-1,-1,-1,-1,-1,-1,-1,-1,-1,-1,-1,-1,-1,-1,-1,-1
'13:57:15.579,0.0,31155,-1,521512,66716,5848047,263009,,0.0,0.0,8752,9023,9492,0,0,0,15368,22132,2564,-1,-1,-1,-1,-1,-1,-1,-1,-1,-1,-1,-1,-1,-1,-1,-1,-1,-1
'13:57:16.583,0.0,31155,-1,521512,66716,5848047,263009,,0.0,0.0,8752,9023,9492,0,0,0,15368,22132,2564,-1,-1,-1,-1,-1,-1,-1,-1,-1,-1,-1,-1,-1,-1,-1,-1,-1,-1
'13:57:17.564,0.0,31155,-1,521512,66716,5848047,263009,,0.0,0.0,8752,9023,9492,0,0,0,15368,22132,2564,-1,-1,-1,-1,-1,-1,-1,-1,-1,-1,-1,-1,-1,-1,-1,-1,-1,-1
'13:57:18.565,0.0,31155,-1,521512,66716,5848047,263009,,0.0,0.0,8752,9023,9492,0,0,0,15368,22132,2564,-1,-1,-1,-1,-1,-1,-1,-1,-1,-1,-1,-1,-1,-1,-1,-1,-1,-1
'13:57:19.585,0.0,31155,-1,521512,66716,5848047,263009,,0.0,0.0,8752,9023,9492,0,0,0,15368,22132,2564,-1,-1,-1,-1,-1,-1,-1,-1,-1,-1,-1,-1,-1,-1,-1,-1,-1,-1
'13:57:20.578,0.0,31155,-1,521512,66716,5848047,263009,,0.0,0.0,8752,9023,9492,0,0,0,15368,22132,2564,-1,-1,-1,-1,-1,-1,-1,-1,-1,-1,-1,-1,-1,-1,-1,-1,-1,-1
'13:57:21.566,0.0,31155,-1,521512,66716,5848047,263009,,0.0,0.0,8752,9023,9492,0,0,0,15368,22132,2564,-1,-1,-1,-1,-1,-1,-1,-1,-1,-1,-1,-1,-1,-1,-1,-1,-1,-1
'13:57:22.594,0.0,31155,-1,521512,66716,5848047,263009,,0.0,0.0,8752,9023,9492,0,0,0,15368,22132,2564,-1,-1,-1,-1,-1,-1,-1,-1,-1,-1,-1,-1,-1,-1,-1,-1,-1,-1
'13:57:23.571,0.0,31155,-1,521512,66716,5848047,263009,,0.0,0.0,8752,9023,9492,0,0,0,15368,22132,2564,-1,-1,-1,-1,-1,-1,-1,-1,-1,-1,-1,-1,-1,-1,-1,-1,-1,-1
'13:57:24.579,0.0,31155,-1,521512,66716,5848047,263009,,0.0,0.0,8752,9023,9492,0,0,0,15368,22132,2564,-1,-1,-1,-1,-1,-1,-1,-1,-1,-1,-1,-1,-1,-1,-1,-1,-1,-1
'13:57:25.591,0.0,31155,-1,521512,66716,5848047,263009,,0.0,0.0,8752,9023,9492,0,0,0,15368,22132,2564,-1,-1,-1,-1,-1,-1,-1,-1,-1,-1,-1,-1,-1,-1,-1,-1,-1,-1
'13:57:26.584,0.0,31155,-1,521512,66716,5848047,263009,,0.0,0.0,8752,9023,9492,0,0,0,15368,22132,2564,-1,-1,-1,-1,-1,-1,-1,-1,-1,-1,-1,-1,-1,-1,-1,-1,-1,-1
'13:57:27.580,0.0,31155,-1,521512,66716,5848047,263009,,0.0,0.0,8752,9023,9492,0,0,0,15368,22132,2564,-1,-1,-1,-1,-1,-1,-1,-1,-1,-1,-1,-1,-1,-1,-1,-1,-1,-1
'13:57:28.589,0.0,31155,-1,521512,66716,5848047,263009,,0.0,0.0,8752,9023,9492,0,0,0,15368,22132,2564,-1,-1,-1,-1,-1,-1,-1,-1,-1,-1,-1,-1,-1,-1,-1,-1,-1,-1
'13:57:29.577,0.0,31155,-1,521512,66716,5848047,263009,,0.0,0.0,8752,9023,9492,0,0,0,15368,22132,2564,-1,-1,-1,-1,-1,-1,-1,-1,-1,-1,-1,-1,-1,-1,-1,-1,-1,-1
'13:57:30.579,0.0,31155,-1,521512,66716,5848047,263009,,0.0,0.0,8752,9023,9492,0,0,0,15368,22132,2564,-1,-1,-1,-1,-1,-1,-1,-1,-1,-1,-1,-1,-1,-1,-1,-1,-1,-1
'13:57:31.570,0.0,31155,-1,521512,66716,5848047,263009,,0.0,0.0,8752,9023,9492,0,0,0,15368,22132,2564,-1,-1,-1,-1,-1,-1,-1,-1,-1,-1,-1,-1,-1,-1,-1,-1,-1,-1
'13:57:32.619,0.0,31155,-1,521512,66716,5848047,263009,,0.0,0.0,8752,9023,9492,0,0,0,15368,22132,2564,-1,-1,-1,-1,-1,-1,-1,-1,-1,-1,-1,-1,-1,-1,-1,-1,-1,-1
'13:57:33.595,0.0,31155,-1,521512,66716,5848047,263009,,0.0,0.0,8752,9023,9492,0,0,0,15368,22132,2564,-1,-1,-1,-1,-1,-1,-1,-1,-1,-1,-1,-1,-1,-1,-1,-1,-1,-1
'13:57:34.575,0.0,31155,-1,521512,66716,5848047,263009,,0.0,0.0,8752,9023,9492,0,0,0,15368,22132,2564,-1,-1,-1,-1,-1,-1,-1,-1,-1,-1,-1,-1,-1,-1,-1,-1,-1,-1
'13:57:35.616,0.0,31155,-1,521512,66716,5848047,263009,,0.0,0.0,8752,9023,9492,0,0,0,15368,22132,2564,-1,-1,-1,-1,-1,-1,-1,-1,-1,-1,-1,-1,-1,-1,-1,-1,-1,-1
'13:57:36.583,0.0,31155,-1,521512,66716,5848047,263009,,0.0,0.0,8752,9023,9492,0,0,0,15368,22132,2564,-1,-1,-1,-1,-1,-1,-1,-1,-1,-1,-1,-1,-1,-1,-1,-1,-1,-1
'13:57:37.580,0.0,31155,-1,521512,66716,5848047,263009,,0.0,0.0,8752,9023,9492,0,0,0,15368,22132,2564,-1,-1,-1,-1,-1,-1,-1,-1,-1,-1,-1,-1,-1,-1,-1,-1,-1,-1
'13:57:38.570,0.0,31155,-1,521512,66716,5848047,263009,,0.0,0.0,8752,9023,9492,0,0,0,15368,22132,2564,-1,-1,-1,-1,-1,-1,-1,-1,-1,-1,-1,-1,-1,-1,-1,-1,-1,-1
'13:57:39.569,0.0,31155,-1,521512,66716,5848047,263009,,0.0,0.0,8752,9023,9492,0,0,0,15368,22132,2564,-1,-1,-1,-1,-1,-1,-1,-1,-1,-1,-1,-1,-1,-1,-1,-1,-1,-1
'13:57:40.580,0.0,31155,-1,521512,66716,5848047,263009,,0.0,0.0,8752,9023,9492,0,0,0,15368,22132,2564,-1,-1,-1,-1,-1,-1,-1,-1,-1,-1,-1,-1,-1,-1,-1,-1,-1,-1
'13:57:41.587,0.0,31155,-1,521512,66716,5848047,263009,,0.0,0.0,8752,9023,9492,0,0,0,15368,22132,2564,-1,-1,-1,-1,-1,-1,-1,-1,-1,-1,-1,-1,-1,-1,-1,-1,-1,-1
'13:57:42.594,0.0,31155,-1,521512,66716,5848047,263009,,0.0,0.0,8752,9023,9492,0,0,0,15368,22132,2564,-1,-1,-1,-1,-1,-1,-1,-1,-1,-1,-1,-1,-1,-1,-1,-1,-1,-1
'13:57:43.604,0.0,31155,-1,521512,66716,5848047,263009,,0.0,0.0,8752,9023,9492,0,0,0,15368,22132,2564,-1,-1,-1,-1,-1,-1,-1,-1,-1,-1,-1,-1,-1,-1,-1,-1,-1,-1
'13:57:44.595,0.0,31155,-1,521512,66716,5848047,263009,,0.0,0.0,8752,9023,9492,0,0,0,15368,22132,2564,-1,-1,-1,-1,-1,-1,-1,-1,-1,-1,-1,-1,-1,-1,-1,-1,-1,-1
'13:57:45.587,0.0,31155,-1,521512,66716,5848047,263009,,0.0,0.0,8752,9023,9492,0,0,0,15368,22132,2564,-1,-1,-1,-1,-1,-1,-1,-1,-1,-1,-1,-1,-1,-1,-1,-1,-1,-1
'13:57:46.587,0.0,31155,-1,521512,66716,5848047,263009,,0.0,0.0,8752,9023,9492,0,0,0,15368,22132,2564,-1,-1,-1,-1,-1,-1,-1,-1,-1,-1,-1,-1,-1,-1,-1,-1,-1,-1
'13:57:47.618,0.0,31155,-1,521512,66716,5848047,263009,,0.0,0.0,8752,9023,9492,0,0,0,15368,22132,2564,-1,-1,-1,-1,-1,-1,-1,-1,-1,-1,-1,-1,-1,-1,-1,-1,-1,-1
'13:57:48.610,0.0,31155,-1,521512,66716,5848047,263009,,0.0,0.0,8752,9023,9492,0,0,0,15368,22132,2564,-1,-1,-1,-1,-1,-1,-1,-1,-1,-1,-1,-1,-1,-1,-1,-1,-1,-1
'13:57:49.631,0.0,31155,-1,521512,66716,5848047,263009,,0.0,0.0,8752,9023,9492,0,0,0,15368,22132,2564,-1,-1,-1,-1,-1,-1,-1,-1,-1,-1,-1,-1,-1,-1,-1,-1,-1,-1
'13:57:50.582,0.0,31155,-1,521512,66716,5848047,263009,,0.0,0.0,8752,9023,9492,0,0,0,15368,22132,2564,-1,-1,-1,-1,-1,-1,-1,-1,-1,-1,-1,-1,-1,-1,-1,-1,-1,-1
'13:57:51.595,0.0,31155,-1,521512,66716,5848047,263009,,0.0,0.0,8752,9023,9492,0,0,0,15368,22132,2564,-1,-1,-1,-1,-1,-1,-1,-1,-1,-1,-1,-1,-1,-1,-1,-1,-1,-1
'13:57:52.587,0.0,31155,-1,521512,66716,5848047,263009,,0.0,0.0,8752,9023,9492,0,0,0,15368,22132,2564,-1,-1,-1,-1,-1,-1,-1,-1,-1,-1,-1,-1,-1,-1,-1,-1,-1,-1
'13:57:53.599,0.0,31155,-1,521512,66716,5848047,263009,,0.0,0.0,8752,9023,9492,0,0,0,15368,22132,2564,-1,-1,-1,-1,-1,-1,-1,-1,-1,-1,-1,-1,-1,-1,-1,-1,-1,-1
'13:57:54.590,0.0,31155,-1,521512,66716,5848047,263009,,0.0,0.0,8752,9023,9492,0,0,0,15368,22132,2564,-1,-1,-1,-1,-1,-1,-1,-1,-1,-1,-1,-1,-1,-1,-1,-1,-1,-1
'13:57:55.593,0.0,31155,-1,521512,66716,5848047,263009,,0.0,0.0,8752,9023,9492,0,0,0,15368,22132,2564,-1,-1,-1,-1,-1,-1,-1,-1,-1,-1,-1,-1,-1,-1,-1,-1,-1,-1
'13:57:56.593,0.0,31155,-1,521512,66716,5848047,263009,,0.0,0.0,8752,9023,9492,0,0,0,15368,22132,2564,-1,-1,-1,-1,-1,-1,-1,-1,-1,-1,-1,-1,-1,-1,-1,-1,-1,-1
'13:57:57.593,0.0,31155,-1,521512,66716,5848047,263009,,0.0,0.0,8752,9023,9492,0,0,0,15368,22132,2564,-1,-1,-1,-1,-1,-1,-1,-1,-1,-1,-1,-1,-1,-1,-1,-1,-1,-1
'13:57:58.597,0.0,31155,-1,521512,66716,5848047,263009,,0.0,0.0,8752,9023,9492,0,0,0,15368,22132,2564,-1,-1,-1,-1,-1,-1,-1,-1,-1,-1,-1,-1,-1,-1,-1,-1,-1,-1
'13:57:59.598,0.0,31155,-1,521512,66716,5848047,263009,,0.0,0.0,8752,9023,9492,0,0,0,15368,22132,2564,-1,-1,-1,-1,-1,-1,-1,-1,-1,-1,-1,-1,-1,-1,-1,-1,-1,-1
'13:58:00.582,0.0,31155,-1,521512,66716,5848047,263009,,0.0,0.0,8752,9023,9492,0,0,0,15368,22132,2564,-1,-1,-1,-1,-1,-1,-1,-1,-1,-1,-1,-1,-1,-1,-1,-1,-1,-1
'13:58:01.579,0.0,31155,-1,521512,66716,5848047,263009,,0.0,0.0,8752,9023,9492,0,0,0,15368,22132,2564,-1,-1,-1,-1,-1,-1,-1,-1,-1,-1,-1,-1,-1,-1,-1,-1,-1,-1
'13:58:02.590,0.0,31155,-1,521512,66716,5848047,263009,,0.0,0.0,8752,9023,9492,0,0,0,15368,22132,2564,-1,-1,-1,-1,-1,-1,-1,-1,-1,-1,-1,-1,-1,-1,-1,-1,-1,-1
'13:58:03.599,0.0,31155,-1,521512,66716,5848047,263009,,0.0,0.0,8752,9023,9492,0,0,0,15368,22132,2564,-1,-1,-1,-1,-1,-1,-1,-1,-1,-1,-1,-1,-1,-1,-1,-1,-1,-1
'13:58:04.579,0.0,31155,-1,521512,66716,5848047,263009,,0.0,0.0,8752,9023,9492,0,0,0,15368,22132,2564,-1,-1,-1,-1,-1,-1,-1,-1,-1,-1,-1,-1,-1,-1,-1,-1,-1,-1
'13:58:05.599,0.0,31155,-1,521512,66716,5848047,263009,,0.0,0.0,8752,9023,9492,0,0,0,15368,22132,2564,-1,-1,-1,-1,-1,-1,-1,-1,-1,-1,-1,-1,-1,-1,-1,-1,-1,-1
'13:58:06.599,0.0,31155,-1,521512,66716,5848047,263009,,0.0,0.0,8752,9023,9492,0,0,0,15368,22132,2564,-1,-1,-1,-1,-1,-1,-1,-1,-1,-1,-1,-1,-1,-1,-1,-1,-1,-1
'13:58:07.574,0.0,31155,-1,521512,66716,5848047,263009,,0.0,0.0,8752,9023,9492,0,0,0,15368,22132,2564,-1,-1,-1,-1,-1,-1,-1,-1,-1,-1,-1,-1,-1,-1,-1,-1,-1,-1
'13:58:08.594,0.0,31155,-1,521512,66716,5848047,263009,,0.0,0.0,8752,9023,9492,0,0,0,15368,22132,2564,-1,-1,-1,-1,-1,-1,-1,-1,-1,-1,-1,-1,-1,-1,-1,-1,-1,-1
'13:58:09.585,0.0,31155,-1,521512,66716,5848047,263009,,0.0,0.0,8752,9023,9492,0,0,0,15368,22132,2564,-1,-1,-1,-1,-1,-1,-1,-1,-1,-1,-1,-1,-1,-1,-1,-1,-1,-1
'13:58:10.587,0.0,31155,-1,521512,66716,5848047,263009,,0.0,0.0,8752,9023,9492,0,0,0,15368,22132,2564,-1,-1,-1,-1,-1,-1,-1,-1,-1,-1,-1,-1,-1,-1,-1,-1,-1,-1
'13:58:11.604,0.0,31155,-1,521512,66716,5848047,263009,,0.0,0.0,8752,9023,9492,0,0,0,15368,22132,2564,-1,-1,-1,-1,-1,-1,-1,-1,-1,-1,-1,-1,-1,-1,-1,-1,-1,-1
'13:58:12.591,0.0,31155,-1,521512,66716,5848047,263009,,0.0,0.0,8752,9023,9492,0,0,0,15368,22132,2564,-1,-1,-1,-1,-1,-1,-1,-1,-1,-1,-1,-1,-1,-1,-1,-1,-1,-1
'13:58:13.580,0.0,31155,-1,521512,66716,5848047,263009,,0.0,0.0,8752,9023,9492,0,0,0,15368,22132,2564,-1,-1,-1,-1,-1,-1,-1,-1,-1,-1,-1,-1,-1,-1,-1,-1,-1,-1
'13:58:14.599,0.0,31155,-1,521512,66716,5848047,263009,,0.0,0.0,8752,9023,9492,0,0,0,15368,22132,2564,-1,-1,-1,-1,-1,-1,-1,-1,-1,-1,-1,-1,-1,-1,-1,-1,-1,-1
'13:58:15.577,0.0,31155,-1,521512,66716,5848047,263009,,0.0,0.0,8752,9023,9492,0,0,0,15368,22132,2564,-1,-1,-1,-1,-1,-1,-1,-1,-1,-1,-1,-1,-1,-1,-1,-1,-1,-1
'13:58:16.584,0.0,31155,-1,521512,66716,5848047,263009,,0.0,0.0,8752,9023,9492,0,0,0,15368,22132,2564,-1,-1,-1,-1,-1,-1,-1,-1,-1,-1,-1,-1,-1,-1,-1,-1,-1,-1
'13:58:17.599,0.0,31155,-1,521512,66716,5848047,263009,,0.0,0.0,8752,9023,9492,0,0,0,15368,22132,2564,-1,-1,-1,-1,-1,-1,-1,-1,-1,-1,-1,-1,-1,-1,-1,-1,-1,-1
'13:58:18.589,0.0,31155,-1,521512,66716,5848047,263009,,0.0,0.0,8752,9023,9492,0,0,0,15368,22132,2564,-1,-1,-1,-1,-1,-1,-1,-1,-1,-1,-1,-1,-1,-1,-1,-1,-1,-1
'13:58:19.596,0.0,31155,-1,521512,66716,5848047,263009,,0.0,0.0,8752,9023,9492,0,0,0,15368,22132,2564,-1,-1,-1,-1,-1,-1,-1,-1,-1,-1,-1,-1,-1,-1,-1,-1,-1,-1
'13:58:20.600,0.0,31134,-1,521512,66716,5848047,263009,,0.0,0.0,8752,9023,9492,0,0,0,15368,22111,2564,-1,-1,-1,-1,-1,-1,-1,-1,-1,-1,-1,-1,-1,-1,-1,-1,-1,-1
'13:58:21.594,0.0,31134,-1,521512,66716,5848047,263009,,0.0,0.0,8752,9023,9492,0,0,0,15368,22111,2564,-1,-1,-1,-1,-1,-1,-1,-1,-1,-1,-1,-1,-1,-1,-1,-1,-1,-1
'13:58:22.599,0.0,31134,-1,521512,66716,5848047,263009,,0.0,0.0,8752,9023,9492,0,0,0,15368,22111,2564,-1,-1,-1,-1,-1,-1,-1,-1,-1,-1,-1,-1,-1,-1,-1,-1,-1,-1
'13:58:23.590,0.0,31134,-1,521512,66716,5848047,263009,,0.0,0.0,8752,9023,9492,0,0,0,15368,22111,2564,-1,-1,-1,-1,-1,-1,-1,-1,-1,-1,-1,-1,-1,-1,-1,-1,-1,-1
'13:58:24.593,0.0,31134,-1,521512,66716,5848047,263009,,0.0,0.0,8752,9023,9492,0,0,0,15368,22111,2564,-1,-1,-1,-1,-1,-1,-1,-1,-1,-1,-1,-1,-1,-1,-1,-1,-1,-1
'13:58:25.597,0.0,31134,-1,521512,66716,5848047,263009,,0.0,0.0,8752,9023,9492,0,0,0,15368,22111,2564,-1,-1,-1,-1,-1,-1,-1,-1,-1,-1,-1,-1,-1,-1,-1,-1,-1,-1
'13:58:26.590,0.0,31134,-1,521512,66716,5848047,263009,,0.0,0.0,8752,9023,9492,0,0,0,15368,22111,2564,-1,-1,-1,-1,-1,-1,-1,-1,-1,-1,-1,-1,-1,-1,-1,-1,-1,-1
'13:58:27.586,0.0,31155,-1,521512,66716,5848047,263009,,0.0,0.0,8752,9023,9492,0,0,0,15368,22132,2564,-1,-1,-1,-1,-1,-1,-1,-1,-1,-1,-1,-1,-1,-1,-1,-1,-1,-1
'13:58:28.620,0.0,31155,-1,521512,66716,5848047,263009,,0.0,0.0,8752,9023,9492,0,0,0,15368,22132,2564,-1,-1,-1,-1,-1,-1,-1,-1,-1,-1,-1,-1,-1,-1,-1,-1,-1,-1
'13:58:29.602,0.0,31155,-1,521512,66716,5848047,263009,,0.0,0.0,8752,9023,9492,0,0,0,15368,22132,2564,-1,-1,-1,-1,-1,-1,-1,-1,-1,-1,-1,-1,-1,-1,-1,-1,-1,-1
'13:58:30.599,0.0,31155,-1,521512,66716,5848047,263009,,0.0,0.0,8752,9023,9492,0,0,0,15368,22132,2564,-1,-1,-1,-1,-1,-1,-1,-1,-1,-1,-1,-1,-1,-1,-1,-1,-1,-1
'13:58:31.595,0.0,31155,-1,521512,66716,5848047,263009,,0.0,0.0,8752,9023,9492,0,0,0,15368,22132,2564,-1,-1,-1,-1,-1,-1,-1,-1,-1,-1,-1,-1,-1,-1,-1,-1,-1,-1
'13:58:32.607,0.0,31155,-1,521512,66716,5848047,263009,,0.0,0.0,8752,9023,9492,0,0,0,15368,22132,2564,-1,-1,-1,-1,-1,-1,-1,-1,-1,-1,-1,-1,-1,-1,-1,-1,-1,-1
'13:58:33.615,0.0,31155,-1,521512,66716,5848047,263009,,0.0,0.0,8752,9023,9492,0,0,0,15368,22132,2564,-1,-1,-1,-1,-1,-1,-1,-1,-1,-1,-1,-1,-1,-1,-1,-1,-1,-1
'13:58:34.609,0.0,31155,-1,521512,66716,5848379,263868,,0.0,0.0,8752,9023,9492,0,0,0,15368,22132,2564,-1,-1,-1,-1,-1,-1,-1,-1,-1,-1,-1,-1,-1,-1,-1,-1,-1,-1
'13:58:35.606,0.0,31155,-1,521512,66716,5848379,263868,,0.0,0.0,8752,9023,9492,0,0,0,15368,22132,2564,-1,-1,-1,-1,-1,-1,-1,-1,-1,-1,-1,-1,-1,-1,-1,-1,-1,-1
'13:58:36.614,0.0,31155,-1,521512,66716,5848379,263868,,0.0,0.0,8752,9023,9492,0,0,0,15368,22132,2564,-1,-1,-1,-1,-1,-1,-1,-1,-1,-1,-1,-1,-1,-1,-1,-1,-1,-1
'13:58:37.603,0.0,31155,-1,521512,66716,5848379,263868,,0.0,0.0,8752,9023,9492,0,0,0,15368,22132,2564,-1,-1,-1,-1,-1,-1,-1,-1,-1,-1,-1,-1,-1,-1,-1,-1,-1,-1
'13:58:38.598,0.0,31155,-1,521512,66716,5848379,263868,,0.0,0.0,8752,9023,9492,0,0,0,15368,22132,2564,-1,-1,-1,-1,-1,-1,-1,-1,-1,-1,-1,-1,-1,-1,-1,-1,-1,-1
'13:58:39.585,0.0,31155,-1,521512,66716,5848379,263868,,0.0,0.0,8752,9023,9492,0,0,0,15368,22132,2564,-1,-1,-1,-1,-1,-1,-1,-1,-1,-1,-1,-1,-1,-1,-1,-1,-1,-1
'13:58:40.588,0.0,31155,-1,521512,66716,5848379,263868,,0.0,0.0,8752,9023,9492,0,0,0,15368,22132,2564,-1,-1,-1,-1,-1,-1,-1,-1,-1,-1,-1,-1,-1,-1,-1,-1,-1,-1
'13:58:41.576,0.0,31155,-1,521512,66716,5848379,263868,,0.0,0.0,8752,9023,9492,0,0,0,15368,22132,2564,-1,-1,-1,-1,-1,-1,-1,-1,-1,-1,-1,-1,-1,-1,-1,-1,-1,-1
'13:58:42.609,0.0,31155,-1,521512,66716,5848379,263868,,0.0,0.0,8752,9023,9492,0,0,0,15368,22132,2564,-1,-1,-1,-1,-1,-1,-1,-1,-1,-1,-1,-1,-1,-1,-1,-1,-1,-1
'13:58:43.603,0.0,31155,-1,521512,66716,5848379,263868,,0.0,0.0,8752,9023,9492,0,0,0,15368,22132,2564,-1,-1,-1,-1,-1,-1,-1,-1,-1,-1,-1,-1,-1,-1,-1,-1,-1,-1
'13:58:44.597,0.0,31155,-1,521512,66716,5848379,263868,,0.0,0.0,8752,9023,9492,0,0,0,15368,22132,2564,-1,-1,-1,-1,-1,-1,-1,-1,-1,-1,-1,-1,-1,-1,-1,-1,-1,-1
'13:58:45.595,0.0,31155,-1,521512,66716,5848379,263868,,0.0,0.0,8752,9023,9492,0,0,0,15368,22132,2564,-1,-1,-1,-1,-1,-1,-1,-1,-1,-1,-1,-1,-1,-1,-1,-1,-1,-1
'13:58:46.592,0.0,31155,-1,521512,66716,5848379,263868,,0.0,0.0,8752,9023,9492,0,0,0,15368,22132,2564,-1,-1,-1,-1,-1,-1,-1,-1,-1,-1,-1,-1,-1,-1,-1,-1,-1,-1
'13:58:47.610,0.0,31155,-1,521512,66716,5848379,263868,,0.0,0.0,8752,9023,9492,0,0,0,15368,22132,2564,-1,-1,-1,-1,-1,-1,-1,-1,-1,-1,-1,-1,-1,-1,-1,-1,-1,-1
'13:58:48.601,0.0,31155,-1,521512,66716,5848379,263868,,0.0,0.0,8752,9023,9492,0,0,0,15368,22132,2564,-1,-1,-1,-1,-1,-1,-1,-1,-1,-1,-1,-1,-1,-1,-1,-1,-1,-1
'13:58:49.602,0.0,31155,-1,521512,66716,5848379,263868,,0.0,0.0,8752,9023,9492,0,0,0,15368,22132,2564,-1,-1,-1,-1,-1,-1,-1,-1,-1,-1,-1,-1,-1,-1,-1,-1,-1,-1
'13:58:50.622,0.0,31155,-1,521512,66716,5848379,263868,,0.0,0.0,8752,9023,9492,0,0,0,15368,22132,2564,-1,-1,-1,-1,-1,-1,-1,-1,-1,-1,-1,-1,-1,-1,-1,-1,-1,-1
'13:58:51.617,0.0,31155,-1,521512,66716,5848379,263868,,0.0,0.0,8752,9023,9492,0,0,0,15368,22132,2564,-1,-1,-1,-1,-1,-1,-1,-1,-1,-1,-1,-1,-1,-1,-1,-1,-1,-1
'13:58:52.620,0.0,31155,-1,521512,66716,5848379,263868,,0.0,0.0,8752,9023,9492,0,0,0,15368,22132,2564,-1,-1,-1,-1,-1,-1,-1,-1,-1,-1,-1,-1,-1,-1,-1,-1,-1,-1
'13:58:53.598,0.0,31155,-1,521512,66716,5848379,263868,,0.0,0.0,8752,9023,9492,0,0,0,15368,22132,2564,-1,-1,-1,-1,-1,-1,-1,-1,-1,-1,-1,-1,-1,-1,-1,-1,-1,-1
'13:58:54.612,0.0,31155,-1,521512,66716,5848379,263868,,0.0,0.0,8752,9023,9492,0,0,0,15368,22132,2564,-1,-1,-1,-1,-1,-1,-1,-1,-1,-1,-1,-1,-1,-1,-1,-1,-1,-1
'13:58:55.640,0.0,31155,-1,521512,66716,5848379,263868,,0.0,0.0,8752,9023,9492,0,0,0,15368,22132,2564,-1,-1,-1,-1,-1,-1,-1,-1,-1,-1,-1,-1,-1,-1,-1,-1,-1,-1
'13:58:56.618,0.0,31155,-1,521512,66716,5848379,263868,,0.0,0.0,8752,9023,9492,0,0,0,15368,22132,2564,-1,-1,-1,-1,-1,-1,-1,-1,-1,-1,-1,-1,-1,-1,-1,-1,-1,-1
'13:58:57.605,0.0,31155,-1,521512,66716,5848379,263868,,0.0,0.0,8752,9023,9492,0,0,0,15368,22132,2564,-1,-1,-1,-1,-1,-1,-1,-1,-1,-1,-1,-1,-1,-1,-1,-1,-1,-1
'13:58:58.625,0.0,31155,-1,521512,66716,5848379,263868,,0.0,0.0,8752,9023,9492,0,0,0,15368,22132,2564,-1,-1,-1,-1,-1,-1,-1,-1,-1,-1,-1,-1,-1,-1,-1,-1,-1,-1
'13:58:59.629,0.0,31155,-1,521512,66716,5848379,263868,,0.0,0.0,8752,9023,9492,0,0,0,15368,22132,2564,-1,-1,-1,-1,-1,-1,-1,-1,-1,-1,-1,-1,-1,-1,-1,-1,-1,-1
'13:59:00.640,0.0,31155,-1,521512,66716,5848379,263868,,0.0,0.0,8752,9023,9492,0,0,0,15368,22132,2564,-1,-1,-1,-1,-1,-1,-1,-1,-1,-1,-1,-1,-1,-1,-1,-1,-1,-1
'13:59:01.635,0.0,31155,-1,521512,66716,5848379,263868,,0.0,0.0,8752,9023,9492,0,0,0,15368,22132,2564,-1,-1,-1,-1,-1,-1,-1,-1,-1,-1,-1,-1,-1,-1,-1,-1,-1,-1
'13:59:02.608,0.0,31155,-1,521512,66716,5848379,263868,,0.0,0.0,8752,9023,9492,0,0,0,15368,22132,2564,-1,-1,-1,-1,-1,-1,-1,-1,-1,-1,-1,-1,-1,-1,-1,-1,-1,-1
'13:59:03.608,0.0,31155,-1,521512,66716,5848379,263868,,0.0,0.0,8752,9023,9492,0,0,0,15368,22132,2564,-1,-1,-1,-1,-1,-1,-1,-1,-1,-1,-1,-1,-1,-1,-1,-1,-1,-1
'13:59:04.649,0.0,31155,-1,521512,66716,5848379,263868,,0.0,0.0,8752,9023,9492,0,0,0,15368,22132,2564,-1,-1,-1,-1,-1,-1,-1,-1,-1,-1,-1,-1,-1,-1,-1,-1,-1,-1
'13:59:05.623,0.0,31155,-1,521512,66716,5848379,263868,,0.0,0.0,8752,9023,9492,0,0,0,15368,22132,2564,-1,-1,-1,-1,-1,-1,-1,-1,-1,-1,-1,-1,-1,-1,-1,-1,-1,-1
'13:59:06.610,0.0,31155,-1,521512,66716,5848379,263868,,0.0,0.0,8752,9023,9492,0,0,0,15368,22132,2564,-1,-1,-1,-1,-1,-1,-1,-1,-1,-1,-1,-1,-1,-1,-1,-1,-1,-1
'13:59:07.617,0.0,31155,-1,521512,66716,5848379,263868,,0.0,0.0,8752,9023,9492,0,0,0,15368,22132,2564,-1,-1,-1,-1,-1,-1,-1,-1,-1,-1,-1,-1,-1,-1,-1,-1,-1,-1
'13:59:08.617,0.0,31155,-1,521512,66716,5848379,263868,,0.0,0.0,8752,9023,9492,0,0,0,15368,22132,2564,-1,-1,-1,-1,-1,-1,-1,-1,-1,-1,-1,-1,-1,-1,-1,-1,-1,-1
'13:59:09.626,0.0,31155,-1,521512,66716,5848379,263868,,0.0,0.0,8752,9023,9492,0,0,0,15368,22132,2564,-1,-1,-1,-1,-1,-1,-1,-1,-1,-1,-1,-1,-1,-1,-1,-1,-1,-1
'13:59:10.619,0.0,31155,-1,521512,66716,5848379,263868,,0.0,0.0,8752,9023,9492,0,0,0,15368,22132,2564,-1,-1,-1,-1,-1,-1,-1,-1,-1,-1,-1,-1,-1,-1,-1,-1,-1,-1
'13:59:11.611,0.0,31155,-1,521512,66716,5848379,263868,,0.0,0.0,8752,9023,9492,0,0,0,15368,22132,2564,-1,-1,-1,-1,-1,-1,-1,-1,-1,-1,-1,-1,-1,-1,-1,-1,-1,-1
'13:59:12.622,0.0,31155,-1,521512,66716,5848379,263868,,0.0,0.0,8752,9023,9492,0,0,0,15368,22132,2564,-1,-1,-1,-1,-1,-1,-1,-1,-1,-1,-1,-1,-1,-1,-1,-1,-1,-1
'13:59:13.620,0.0,31155,-1,521512,66716,5848379,263868,,0.0,0.0,8752,9023,9492,0,0,0,15368,22132,2564,-1,-1,-1,-1,-1,-1,-1,-1,-1,-1,-1,-1,-1,-1,-1,-1,-1,-1
'13:59:14.645,0.0,31155,-1,521512,66716,5848379,263868,,0.0,0.0,8752,9023,9492,0,0,0,15368,22132,2564,-1,-1,-1,-1,-1,-1,-1,-1,-1,-1,-1,-1,-1,-1,-1,-1,-1,-1
'13:59:15.646,0.0,31155,-1,521512,66716,5848379,263868,,0.0,0.0,8752,9023,9492,0,0,0,15368,22132,2564,-1,-1,-1,-1,-1,-1,-1,-1,-1,-1,-1,-1,-1,-1,-1,-1,-1,-1
'13:59:16.609,0.0,31155,-1,521512,66716,5848379,263868,,0.0,0.0,8752,9023,9492,0,0,0,15368,22132,2564,-1,-1,-1,-1,-1,-1,-1,-1,-1,-1,-1,-1,-1,-1,-1,-1,-1,-1
'13:59:17.646,0.0,31155,-1,521512,66716,5848379,263868,,0.0,0.0,8752,9023,9492,0,0,0,15368,22132,2564,-1,-1,-1,-1,-1,-1,-1,-1,-1,-1,-1,-1,-1,-1,-1,-1,-1,-1
'13:59:18.629,0.0,31155,-1,521512,66716,5848379,263868,,0.0,0.0,8752,9023,9492,0,0,0,15368,22132,2564,-1,-1,-1,-1,-1,-1,-1,-1,-1,-1,-1,-1,-1,-1,-1,-1,-1,-1
'13:59:19.670,0.0,31155,-1,521512,66716,5848379,263868,,0.0,0.0,8752,9023,9492,0,0,0,15368,22132,2564,-1,-1,-1,-1,-1,-1,-1,-1,-1,-1,-1,-1,-1,-1,-1,-1,-1,-1
'13:59:20.617,0.0,31155,-1,521512,66716,5848379,263868,,0.0,0.0,8752,9023,9492,0,0,0,15368,22132,2564,-1,-1,-1,-1,-1,-1,-1,-1,-1,-1,-1,-1,-1,-1,-1,-1,-1,-1
'13:59:21.603,0.0,31155,-1,521512,66716,5848379,263868,,0.0,0.0,8752,9023,9492,0,0,0,15368,22132,2564,-1,-1,-1,-1,-1,-1,-1,-1,-1,-1,-1,-1,-1,-1,-1,-1,-1,-1
'13:59:22.619,0.0,31155,-1,521512,66716,5848379,263868,,0.0,0.0,8752,9023,9492,0,0,0,15368,22132,2564,-1,-1,-1,-1,-1,-1,-1,-1,-1,-1,-1,-1,-1,-1,-1,-1,-1,-1
'13:59:23.634,0.0,31134,-1,521512,66716,5848379,263868,,0.0,0.0,8752,9023,9492,0,0,0,15368,22111,2564,-1,-1,-1,-1,-1,-1,-1,-1,-1,-1,-1,-1,-1,-1,-1,-1,-1,-1
'13:59:24.635,0.0,31134,-1,521512,66716,5848379,263868,,0.0,0.0,8752,9023,9492,0,0,0,15368,22111,2564,-1,-1,-1,-1,-1,-1,-1,-1,-1,-1,-1,-1,-1,-1,-1,-1,-1,-1
'13:59:25.643,0.0,31134,-1,521512,66716,5848379,263868,,0.0,0.0,8752,9023,9492,0,0,0,15368,22111,2564,-1,-1,-1,-1,-1,-1,-1,-1,-1,-1,-1,-1,-1,-1,-1,-1,-1,-1
'13:59:26.639,0.0,31134,-1,521512,66716,5848379,263868,,0.0,0.0,8752,9023,9492,0,0,0,15368,22111,2564,-1,-1,-1,-1,-1,-1,-1,-1,-1,-1,-1,-1,-1,-1,-1,-1,-1,-1
'13:59:27.651,0.0,31155,-1,521512,66716,5848379,263868,,0.0,0.0,8752,9023,9492,0,0,0,15368,22132,2564,-1,-1,-1,-1,-1,-1,-1,-1,-1,-1,-1,-1,-1,-1,-1,-1,-1,-1
'13:59:28.628,0.0,31155,-1,521512,66716,5848379,263868,,0.0,0.0,8752,9023,9492,0,0,0,15368,22132,2564,-1,-1,-1,-1,-1,-1,-1,-1,-1,-1,-1,-1,-1,-1,-1,-1,-1,-1
'13:59:29.639,0.0,31155,-1,521512,66716,5848379,263868,,0.0,0.0,8752,9023,9492,0,0,0,15368,22132,2564,-1,-1,-1,-1,-1,-1,-1,-1,-1,-1,-1,-1,-1,-1,-1,-1,-1,-1
'13:59:30.640,0.0,31155,-1,521512,66716,5848379,263868,,0.0,0.0,8752,9023,9492,0,0,0,15368,22132,2564,-1,-1,-1,-1,-1,-1,-1,-1,-1,-1,-1,-1,-1,-1,-1,-1,-1,-1
'13:59:31.607,0.0,31155,-1,521512,66716,5848379,263868,,0.0,0.0,8752,9023,9492,0,0,0,15368,22132,2564,-1,-1,-1,-1,-1,-1,-1,-1,-1,-1,-1,-1,-1,-1,-1,-1,-1,-1
'13:59:32.636,0.0,31155,-1,521512,66716,5848379,263868,,0.0,0.0,8752,9023,9492,0,0,0,15368,22132,2564,-1,-1,-1,-1,-1,-1,-1,-1,-1,-1,-1,-1,-1,-1,-1,-1,-1,-1
'13:59:33.617,0.0,31155,-1,521512,66716,5848379,263868,,0.0,0.0,8752,9023,9492,0,0,0,15368,22132,2564,-1,-1,-1,-1,-1,-1,-1,-1,-1,-1,-1,-1,-1,-1,-1,-1,-1,-1
'13:59:34.643,0.0,31155,-1,521512,66716,5848379,263868,,0.0,0.0,8752,9023,9492,0,0,0,15368,22132,2564,-1,-1,-1,-1,-1,-1,-1,-1,-1,-1,-1,-1,-1,-1,-1,-1,-1,-1
'13:59:35.639,0.0,31155,-1,521512,66716,5848379,263868,,0.0,0.0,8752,9023,9492,0,0,0,15368,22132,2564,-1,-1,-1,-1,-1,-1,-1,-1,-1,-1,-1,-1,-1,-1,-1,-1,-1,-1
'13:59:36.635,0.0,31155,-1,521512,66716,5848379,263868,,0.0,0.0,8752,9023,9492,0,0,0,15368,22132,2564,-1,-1,-1,-1,-1,-1,-1,-1,-1,-1,-1,-1,-1,-1,-1,-1,-1,-1
'13:59:37.642,0.0,31155,-1,521512,66716,5848379,263868,,0.0,0.0,8752,9023,9492,0,0,0,15368,22132,2564,-1,-1,-1,-1,-1,-1,-1,-1,-1,-1,-1,-1,-1,-1,-1,-1,-1,-1
'13:59:38.622,0.0,31155,-1,521512,66716,5848379,263868,,0.0,0.0,8752,9023,9492,0,0,0,15368,22132,2564,-1,-1,-1,-1,-1,-1,-1,-1,-1,-1,-1,-1,-1,-1,-1,-1,-1,-1
'13:59:39.637,0.0,31155,-1,521512,66716,5848379,263868,,0.0,0.0,8752,9023,9492,0,0,0,15368,22132,2564,-1,-1,-1,-1,-1,-1,-1,-1,-1,-1,-1,-1,-1,-1,-1,-1,-1,-1
'13:59:40.642,0.0,31155,-1,521512,66716,5848379,263868,,0.0,0.0,8752,9023,9492,0,0,0,15368,22132,2564,-1,-1,-1,-1,-1,-1,-1,-1,-1,-1,-1,-1,-1,-1,-1,-1,-1,-1
'13:59:41.640,0.0,31155,-1,521512,66716,5848379,263868,,0.0,0.0,8752,9023,9492,0,0,0,15368,22132,2564,-1,-1,-1,-1,-1,-1,-1,-1,-1,-1,-1,-1,-1,-1,-1,-1,-1,-1
'13:59:42.643,0.0,31155,-1,521512,66716,5848379,263868,,0.0,0.0,8752,9023,9492,0,0,0,15368,22132,2564,-1,-1,-1,-1,-1,-1,-1,-1,-1,-1,-1,-1,-1,-1,-1,-1,-1,-1
'13:59:43.639,0.0,31155,-1,521512,66716,5848379,263868,,0.0,0.0,8752,9023,9492,0,0,0,15368,22132,2564,-1,-1,-1,-1,-1,-1,-1,-1,-1,-1,-1,-1,-1,-1,-1,-1,-1,-1
'13:59:44.647,0.0,31155,-1,521512,66716,5848379,263868,,0.0,0.0,8752,9023,9492,0,0,0,15368,22132,2564,-1,-1,-1,-1,-1,-1,-1,-1,-1,-1,-1,-1,-1,-1,-1,-1,-1,-1
'13:59:45.644,0.0,31155,-1,521512,66716,5848379,263868,,0.0,0.0,8752,9023,9492,0,0,0,15368,22132,2564,-1,-1,-1,-1,-1,-1,-1,-1,-1,-1,-1,-1,-1,-1,-1,-1,-1,-1
'13:59:46.621,0.0,31155,-1,521512,66716,5848379,263868,,0.0,0.0,8752,9023,9492,0,0,0,15368,22132,2564,-1,-1,-1,-1,-1,-1,-1,-1,-1,-1,-1,-1,-1,-1,-1,-1,-1,-1
'13:59:47.630,0.0,31155,-1,521512,66716,5848379,263868,,0.0,0.0,8752,9023,9492,0,0,0,15368,22132,2564,-1,-1,-1,-1,-1,-1,-1,-1,-1,-1,-1,-1,-1,-1,-1,-1,-1,-1
'13:59:48.644,0.0,31155,-1,521512,66716,5848379,263868,,0.0,0.0,8752,9023,9492,0,0,0,15368,22132,2564,-1,-1,-1,-1,-1,-1,-1,-1,-1,-1,-1,-1,-1,-1,-1,-1,-1,-1
'13:59:49.655,0.0,31155,-1,521512,66716,5848379,263868,,0.0,0.0,8752,9023,9492,0,0,0,15368,22132,2564,-1,-1,-1,-1,-1,-1,-1,-1,-1,-1,-1,-1,-1,-1,-1,-1,-1,-1
'13:59:50.640,0.0,31155,-1,521512,66716,5848379,263868,,0.0,0.0,8752,9023,9492,0,0,0,15368,22132,2564,-1,-1,-1,-1,-1,-1,-1,-1,-1,-1,-1,-1,-1,-1,-1,-1,-1,-1
'13:59:51.626,0.0,31155,-1,521512,66716,5848379,263868,,0.0,0.0,8752,9023,9492,0,0,0,15368,22132,2564,-1,-1,-1,-1,-1,-1,-1,-1,-1,-1,-1,-1,-1,-1,-1,-1,-1,-1
'13:59:52.635,0.0,31155,-1,521512,66716,5848379,263868,,0.0,0.0,8752,9023,9492,0,0,0,15368,22132,2564,-1,-1,-1,-1,-1,-1,-1,-1,-1,-1,-1,-1,-1,-1,-1,-1,-1,-1
'13:59:53.631,0.0,31155,-1,521512,66716,5848379,263868,,0.0,0.0,8752,9023,9492,0,0,0,15368,22132,2564,-1,-1,-1,-1,-1,-1,-1,-1,-1,-1,-1,-1,-1,-1,-1,-1,-1,-1
'13:59:54.645,0.0,31155,-1,521512,66716,5848379,263868,,0.0,0.0,8752,9023,9492,0,0,0,15368,22132,2564,-1,-1,-1,-1,-1,-1,-1,-1,-1,-1,-1,-1,-1,-1,-1,-1,-1,-1
'13:59:55.639,0.0,31155,-1,521512,66716,5848379,263868,,0.0,0.0,8752,9023,9492,0,0,0,15368,22132,2564,-1,-1,-1,-1,-1,-1,-1,-1,-1,-1,-1,-1,-1,-1,-1,-1,-1,-1
'13:59:56.623,0.0,31155,-1,521512,66716,5848379,263868,,0.0,0.0,8752,9023,9492,0,0,0,15368,22132,2564,-1,-1,-1,-1,-1,-1,-1,-1,-1,-1,-1,-1,-1,-1,-1,-1,-1,-1
'13:59:57.640,0.0,31155,-1,521512,66716,5848379,263868,,0.0,0.0,8752,9023,9492,0,0,0,15368,22132,2564,-1,-1,-1,-1,-1,-1,-1,-1,-1,-1,-1,-1,-1,-1,-1,-1,-1,-1
'13:59:58.632,0.0,31155,-1,521512,66716,5848379,263868,,0.0,0.0,8752,9023,9492,0,0,0,15368,22132,2564,-1,-1,-1,-1,-1,-1,-1,-1,-1,-1,-1,-1,-1,-1,-1,-1,-1,-1
'13:59:59.633,0.0,31155,-1,521512,66716,5848379,263868,,0.0,0.0,8752,9023,9492,0,0,0,15368,22132,2564,-1,-1,-1,-1,-1,-1,-1,-1,-1,-1,-1,-1,-1,-1,-1,-1,-1,-1
'14:00:00.633,0.0,31155,-1,521512,66716,5848379,263868,,0.0,0.0,8752,9023,9492,0,0,0,15368,22132,2564,-1,-1,-1,-1,-1,-1,-1,-1,-1,-1,-1,-1,-1,-1,-1,-1,-1,-1
'14:00:01.633,0.0,31155,-1,521512,66716,5848379,263868,,0.0,0.0,8752,9023,9492,0,0,0,15368,22132,2564,-1,-1,-1,-1,-1,-1,-1,-1,-1,-1,-1,-1,-1,-1,-1,-1,-1,-1
'14:00:02.646,0.0,31155,-1,521512,66716,5848379,263868,,0.0,0.0,8752,9023,9492,0,0,0,15368,22132,2564,-1,-1,-1,-1,-1,-1,-1,-1,-1,-1,-1,-1,-1,-1,-1,-1,-1,-1
'14:00:03.636,0.0,31155,-1,521512,66716,5848379,263868,,0.0,0.0,8752,9023,9492,0,0,0,15368,22132,2564,-1,-1,-1,-1,-1,-1,-1,-1,-1,-1,-1,-1,-1,-1,-1,-1,-1,-1
'14:00:04.653,0.0,31155,-1,521512,66716,5848379,263868,,0.0,0.0,8752,9023,9492,0,0,0,15368,22132,2564,-1,-1,-1,-1,-1,-1,-1,-1,-1,-1,-1,-1,-1,-1,-1,-1,-1,-1
'14:00:05.640,0.0,31155,-1,521512,66716,5848379,263868,,0.0,0.0,8752,9023,9492,0,0,0,15368,22132,2564,-1,-1,-1,-1,-1,-1,-1,-1,-1,-1,-1,-1,-1,-1,-1,-1,-1,-1
'14:00:06.641,0.0,31155,-1,521512,66716,5848379,263868,,0.0,0.0,8752,9023,9492,0,0,0,15368,22132,2564,-1,-1,-1,-1,-1,-1,-1,-1,-1,-1,-1,-1,-1,-1,-1,-1,-1,-1
'14:00:07.688,0.0,31155,-1,521512,66716,5848379,263868,,0.0,0.0,8752,9023,9492,0,0,0,15368,22132,2564,-1,-1,-1,-1,-1,-1,-1,-1,-1,-1,-1,-1,-1,-1,-1,-1,-1,-1
'14:00:08.643,0.0,31155,-1,521512,66716,5848379,263868,,0.0,0.0,8752,9023,9492,0,0,0,15368,22132,2564,-1,-1,-1,-1,-1,-1,-1,-1,-1,-1,-1,-1,-1,-1,-1,-1,-1,-1
'14:00:09.656,0.0,31155,-1,521512,66716,5848379,263868,,0.0,0.0,8752,9023,9492,0,0,0,15368,22132,2564,-1,-1,-1,-1,-1,-1,-1,-1,-1,-1,-1,-1,-1,-1,-1,-1,-1,-1
'14:00:10.642,0.0,31155,-1,521512,66716,5848379,263868,,0.0,0.0,8752,9023,9492,0,0,0,15368,22132,2564,-1,-1,-1,-1,-1,-1,-1,-1,-1,-1,-1,-1,-1,-1,-1,-1,-1,-1
'14:00:11.622,0.0,31155,-1,521512,66716,5848379,263868,,0.0,0.0,8752,9023,9492,0,0,0,15368,22132,2564,-1,-1,-1,-1,-1,-1,-1,-1,-1,-1,-1,-1,-1,-1,-1,-1,-1,-1
'14:00:12.649,0.0,31094,-1,521512,66716,5848379,263868,,0.0,0.0,8752,9023,9492,0,0,0,15368,22071,2564,-1,-1,-1,-1,-1,-1,-1,-1,-1,-1,-1,-1,-1,-1,-1,-1,-1,-1
'14:00:13.629,0.0,31039,-1,521512,66716,5848379,264334,,0.0,0.0,8752,9023,9492,0,0,0,15368,22016,2564,-1,-1,-1,-1,-1,-1,-1,-1,-1,-1,-1,-1,-1,-1,-1,-1,-1,-1
'14:00:14.641,0.0,31039,-1,521512,66716,5848379,264334,,0.0,0.0,8752,9023,9492,0,0,0,15368,22016,2564,-1,-1,-1,-1,-1,-1,-1,-1,-1,-1,-1,-1,-1,-1,-1,-1,-1,-1
'14:00:15.649,0.0,31039,-1,521512,66716,5848379,264334,,0.0,0.0,8752,9023,9492,0,0,0,15368,22016,2564,-1,-1,-1,-1,-1,-1,-1,-1,-1,-1,-1,-1,-1,-1,-1,-1,-1,-1
'14:00:16.670,0.0,31039,-1,521512,66716,5848379,264334,,0.0,0.0,8752,9023,9492,0,0,0,15368,22016,2564,-1,-1,-1,-1,-1,-1,-1,-1,-1,-1,-1,-1,-1,-1,-1,-1,-1,-1
'14:00:17.640,0.0,31039,-1,521512,66716,5848379,264334,,0.0,0.0,8752,9023,9492,0,0,0,15368,22016,2564,-1,-1,-1,-1,-1,-1,-1,-1,-1,-1,-1,-1,-1,-1,-1,-1,-1,-1
'14:00:18.640,0.0,31039,-1,521512,66716,5848379,264334,,0.0,0.0,8752,9023,9492,0,0,0,15368,22016,2564,-1,-1,-1,-1,-1,-1,-1,-1,-1,-1,-1,-1,-1,-1,-1,-1,-1,-1
'14:00:19.665,0.0,31039,-1,521512,66716,5848379,264334,,0.0,0.0,8752,9023,9492,0,0,0,15368,22016,2564,-1,-1,-1,-1,-1,-1,-1,-1,-1,-1,-1,-1,-1,-1,-1,-1,-1,-1
'14:00:20.664,0.0,31039,-1,521512,66716,5848379,264334,,0.0,0.0,8752,9023,9492,0,0,0,15368,22016,2564,-1,-1,-1,-1,-1,-1,-1,-1,-1,-1,-1,-1,-1,-1,-1,-1,-1,-1
'14:00:21.629,0.0,31039,-1,521512,66716,5848379,264334,,0.0,0.0,8752,9023,9492,0,0,0,15368,22016,2564,-1,-1,-1,-1,-1,-1,-1,-1,-1,-1,-1,-1,-1,-1,-1,-1,-1,-1
'14:00:22.680,0.0,31039,-1,521512,66716,5848379,264334,,0.0,0.0,8752,9023,9492,0,0,0,15368,22016,2564,-1,-1,-1,-1,-1,-1,-1,-1,-1,-1,-1,-1,-1,-1,-1,-1,-1,-1
'14:00:23.664,0.0,31039,-1,521512,66716,5848379,264334,,0.0,0.0,8752,9023,9492,0,0,0,15368,22016,2564,-1,-1,-1,-1,-1,-1,-1,-1,-1,-1,-1,-1,-1,-1,-1,-1,-1,-1
'14:00:24.652,0.0,31039,-1,521512,66716,5848379,264334,,0.0,0.0,8752,9023,9492,0,0,0,15368,22016,2564,-1,-1,-1,-1,-1,-1,-1,-1,-1,-1,-1,-1,-1,-1,-1,-1,-1,-1
'14:00:25.648,0.0,31039,-1,521512,66716,5848379,264334,,0.0,0.0,8752,9023,9492,0,0,0,15368,22016,2564,-1,-1,-1,-1,-1,-1,-1,-1,-1,-1,-1,-1,-1,-1,-1,-1,-1,-1
'14:00:26.642,0.0,31018,-1,521512,66716,5848379,264334,,0.0,0.0,8752,9023,9492,0,0,0,15368,21995,2564,-1,-1,-1,-1,-1,-1,-1,-1,-1,-1,-1,-1,-1,-1,-1,-1,-1,-1
'14:00:27.668,0.0,31018,-1,521512,66716,5848379,264334,,0.0,0.0,8752,9023,9492,0,0,0,15368,21995,2564,-1,-1,-1,-1,-1,-1,-1,-1,-1,-1,-1,-1,-1,-1,-1,-1,-1,-1
'14:00:28.640,0.0,31018,-1,521512,66716,5848379,264334,,0.0,0.0,8752,9023,9492,0,0,0,15368,21995,2564,-1,-1,-1,-1,-1,-1,-1,-1,-1,-1,-1,-1,-1,-1,-1,-1,-1,-1
'14:00:29.639,0.0,31039,-1,521512,66716,5848379,264334,,0.0,0.0,8752,9023,9492,0,0,0,15368,22016,2564,-1,-1,-1,-1,-1,-1,-1,-1,-1,-1,-1,-1,-1,-1,-1,-1,-1,-1
'14:00:30.643,0.0,31039,-1,521512,66716,5848379,264334,,0.0,0.0,8752,9023,9492,0,0,0,15368,22016,2564,-1,-1,-1,-1,-1,-1,-1,-1,-1,-1,-1,-1,-1,-1,-1,-1,-1,-1
'14:00:31.636,0.0,31039,-1,521512,66716,5848379,264334,,0.0,0.0,8752,9023,9492,0,0,0,15368,22016,2564,-1,-1,-1,-1,-1,-1,-1,-1,-1,-1,-1,-1,-1,-1,-1,-1,-1,-1
'14:00:32.661,0.0,31039,-1,521512,66716,5848379,264334,,0.0,0.0,8752,9023,9492,0,0,0,15368,22016,2564,-1,-1,-1,-1,-1,-1,-1,-1,-1,-1,-1,-1,-1,-1,-1,-1,-1,-1
'14:00:33.653,0.0,31039,-1,521512,66716,5848379,264334,,0.0,0.0,8752,9023,9492,0,0,0,15368,22016,2564,-1,-1,-1,-1,-1,-1,-1,-1,-1,-1,-1,-1,-1,-1,-1,-1,-1,-1
'14:00:34.665,0.0,31039,-1,521512,66716,5848379,264334,,0.0,0.0,8752,9023,9492,0,0,0,15368,22016,2564,-1,-1,-1,-1,-1,-1,-1,-1,-1,-1,-1,-1,-1,-1,-1,-1,-1,-1
'14:00:35.645,0.0,31039,-1,521512,66716,5848379,264334,,0.0,0.0,8752,9023,9492,0,0,0,15368,22016,2564,-1,-1,-1,-1,-1,-1,-1,-1,-1,-1,-1,-1,-1,-1,-1,-1,-1,-1
'14:00:36.651,0.0,31039,-1,521512,66716,5848379,264334,,0.0,0.0,8752,9023,9492,0,0,0,15368,22016,2564,-1,-1,-1,-1,-1,-1,-1,-1,-1,-1,-1,-1,-1,-1,-1,-1,-1,-1
'14:00:37.657,0.0,31039,-1,521512,66716,5848379,264334,,0.0,0.0,8752,9023,9492,0,0,0,15368,22016,2564,-1,-1,-1,-1,-1,-1,-1,-1,-1,-1,-1,-1,-1,-1,-1,-1,-1,-1
'14:00:38.663,0.0,31039,-1,521512,66716,5848379,264334,,0.0,0.0,8752,9023,9492,0,0,0,15368,22016,2564,-1,-1,-1,-1,-1,-1,-1,-1,-1,-1,-1,-1,-1,-1,-1,-1,-1,-1
'14:00:39.664,0.0,31039,-1,521512,66716,5848379,264334,,0.0,0.0,8752,9023,9492,0,0,0,15368,22016,2564,-1,-1,-1,-1,-1,-1,-1,-1,-1,-1,-1,-1,-1,-1,-1,-1,-1,-1
'14:00:40.654,0.0,31039,-1,521512,66716,5848379,264334,,0.0,0.0,8752,9023,9492,0,0,0,15368,22016,2564,-1,-1,-1,-1,-1,-1,-1,-1,-1,-1,-1,-1,-1,-1,-1,-1,-1,-1
'14:00:41.654,0.0,31039,-1,521512,66716,5848379,264334,,0.0,0.0,8752,9023,9492,0,0,0,15368,22016,2564,-1,-1,-1,-1,-1,-1,-1,-1,-1,-1,-1,-1,-1,-1,-1,-1,-1,-1
'14:00:42.661,0.0,31039,-1,521512,66716,5848379,264334,,0.0,0.0,8752,9023,9492,0,0,0,15368,22016,2564,-1,-1,-1,-1,-1,-1,-1,-1,-1,-1,-1,-1,-1,-1,-1,-1,-1,-1
'14:00:43.677,0.0,31039,-1,521512,66716,5848379,264567,,0.0,0.0,8752,9023,9492,0,0,0,15368,22016,2564,-1,-1,-1,-1,-1,-1,-1,-1,-1,-1,-1,-1,-1,-1,-1,-1,-1,-1
'14:00:44.670,0.0,31039,-1,521512,66716,5848379,264567,,0.0,0.0,8752,9023,9492,0,0,0,15368,22016,2564,-1,-1,-1,-1,-1,-1,-1,-1,-1,-1,-1,-1,-1,-1,-1,-1,-1,-1
'14:00:45.674,0.0,31039,-1,521512,66716,5848379,264567,,0.0,0.0,8752,9023,9492,0,0,0,15368,22016,2564,-1,-1,-1,-1,-1,-1,-1,-1,-1,-1,-1,-1,-1,-1,-1,-1,-1,-1
'14:00:46.637,0.0,31039,-1,521512,66716,5848379,264567,,0.0,0.0,8752,9023,9492,0,0,0,15368,22016,2564,-1,-1,-1,-1,-1,-1,-1,-1,-1,-1,-1,-1,-1,-1,-1,-1,-1,-1
'14:00:47.662,0.0,31039,-1,521512,66716,5848379,264567,,0.0,0.0,8752,9023,9492,0,0,0,15368,22016,2564,-1,-1,-1,-1,-1,-1,-1,-1,-1,-1,-1,-1,-1,-1,-1,-1,-1,-1
'14:00:48.672,0.0,31039,-1,521512,66716,5848379,264567,,0.0,0.0,8752,9023,9492,0,0,0,15368,22016,2564,-1,-1,-1,-1,-1,-1,-1,-1,-1,-1,-1,-1,-1,-1,-1,-1,-1,-1
'14:00:49.659,0.0,31039,-1,521512,66716,5848379,264567,,0.0,0.0,8752,9023,9492,0,0,0,15368,22016,2564,-1,-1,-1,-1,-1,-1,-1,-1,-1,-1,-1,-1,-1,-1,-1,-1,-1,-1
'14:00:50.682,0.0,31039,-1,521512,66716,5848379,264567,,0.0,0.0,8752,9023,9492,0,0,0,15368,22016,2564,-1,-1,-1,-1,-1,-1,-1,-1,-1,-1,-1,-1,-1,-1,-1,-1,-1,-1
'14:00:51.653,0.0,31039,-1,521512,66716,5848379,264567,,0.0,0.0,8752,9023,9492,0,0,0,15368,22016,2564,-1,-1,-1,-1,-1,-1,-1,-1,-1,-1,-1,-1,-1,-1,-1,-1,-1,-1
'14:00:52.659,0.0,31039,-1,521512,66716,5848379,264567,,0.0,0.0,8752,9023,9492,0,0,0,15368,22016,2564,-1,-1,-1,-1,-1,-1,-1,-1,-1,-1,-1,-1,-1,-1,-1,-1,-1,-1
'14:00:53.660,0.0,31039,-1,521512,66716,5848379,264567,,0.0,0.0,8752,9023,9492,0,0,0,15368,22016,2564,-1,-1,-1,-1,-1,-1,-1,-1,-1,-1,-1,-1,-1,-1,-1,-1,-1,-1
'14:00:54.649,0.0,31039,-1,521512,66716,5848379,264567,,0.0,0.0,8752,9023,9492,0,0,0,15368,22016,2564,-1,-1,-1,-1,-1,-1,-1,-1,-1,-1,-1,-1,-1,-1,-1,-1,-1,-1
'14:00:55.665,0.0,31039,-1,521512,66716,5848379,264567,,0.0,0.0,8752,9023,9492,0,0,0,15368,22016,2564,-1,-1,-1,-1,-1,-1,-1,-1,-1,-1,-1,-1,-1,-1,-1,-1,-1,-1
'14:00:56.680,0.0,31039,-1,521512,66716,5848379,264567,,0.0,0.0,8752,9023,9492,0,0,0,15368,22016,2564,-1,-1,-1,-1,-1,-1,-1,-1,-1,-1,-1,-1,-1,-1,-1,-1,-1,-1
'14:00:57.673,0.0,31039,-1,521512,66716,5848379,264567,,0.0,0.0,8752,9023,9492,0,0,0,15368,22016,2564,-1,-1,-1,-1,-1,-1,-1,-1,-1,-1,-1,-1,-1,-1,-1,-1,-1,-1
'14:00:58.672,0.0,31039,-1,521512,66716,5848379,264567,,0.0,0.0,8752,9023,9492,0,0,0,15368,22016,2564,-1,-1,-1,-1,-1,-1,-1,-1,-1,-1,-1,-1,-1,-1,-1,-1,-1,-1
'14:00:59.680,0.0,31039,-1,521512,66716,5848379,264567,,0.0,0.0,8752,9023,9492,0,0,0,15368,22016,2564,-1,-1,-1,-1,-1,-1,-1,-1,-1,-1,-1,-1,-1,-1,-1,-1,-1,-1
'14:01:00.687,0.0,31039,-1,521512,66716,5848379,264567,,0.0,0.0,8752,9023,9492,0,0,0,15368,22016,2564,-1,-1,-1,-1,-1,-1,-1,-1,-1,-1,-1,-1,-1,-1,-1,-1,-1,-1
'14:01:01.648,0.0,31039,-1,521512,66716,5848379,264567,,0.0,0.0,8752,9023,9492,0,0,0,15368,22016,2564,-1,-1,-1,-1,-1,-1,-1,-1,-1,-1,-1,-1,-1,-1,-1,-1,-1,-1
'14:01:02.676,0.0,31039,-1,521512,66716,5848379,264567,,0.0,0.0,8752,9023,9492,0,0,0,15368,22016,2564,-1,-1,-1,-1,-1,-1,-1,-1,-1,-1,-1,-1,-1,-1,-1,-1,-1,-1
'14:01:03.673,0.0,31039,-1,521512,66716,5848379,264567,,0.0,0.0,8752,9023,9492,0,0,0,15368,22016,2564,-1,-1,-1,-1,-1,-1,-1,-1,-1,-1,-1,-1,-1,-1,-1,-1,-1,-1
'14:01:04.666,0.0,31039,-1,521512,66716,5848379,264567,,0.0,0.0,8752,9023,9492,0,0,0,15368,22016,2564,-1,-1,-1,-1,-1,-1,-1,-1,-1,-1,-1,-1,-1,-1,-1,-1,-1,-1
'14:01:05.676,0.0,31039,-1,521512,66716,5848379,264567,,0.0,0.0,8752,9023,9492,0,0,0,15368,22016,2564,-1,-1,-1,-1,-1,-1,-1,-1,-1,-1,-1,-1,-1,-1,-1,-1,-1,-1
'14:01:06.654,0.0,31039,-1,521512,66716,5848379,264567,,0.0,0.0,8752,9023,9492,0,0,0,15368,22016,2564,-1,-1,-1,-1,-1,-1,-1,-1,-1,-1,-1,-1,-1,-1,-1,-1,-1,-1
'14:01:07.656,0.0,31039,-1,521512,66716,5848379,264567,,0.0,0.0,8752,9023,9492,0,0,0,15368,22016,2564,-1,-1,-1,-1,-1,-1,-1,-1,-1,-1,-1,-1,-1,-1,-1,-1,-1,-1
'14:01:08.693,0.0,31039,-1,521512,66716,5848379,264567,,0.0,0.0,8752,9023,9492,0,0,0,15368,22016,2564,-1,-1,-1,-1,-1,-1,-1,-1,-1,-1,-1,-1,-1,-1,-1,-1,-1,-1
'14:01:09.693,0.0,31039,-1,521512,66716,5848379,264567,,0.0,0.0,8752,9023,9492,0,0,0,15368,22016,2564,-1,-1,-1,-1,-1,-1,-1,-1,-1,-1,-1,-1,-1,-1,-1,-1,-1,-1
'14:01:10.658,0.0,31039,-1,521512,66716,5848379,264567,,0.0,0.0,8752,9023,9492,0,0,0,15368,22016,2564,-1,-1,-1,-1,-1,-1,-1,-1,-1,-1,-1,-1,-1,-1,-1,-1,-1,-1
'14:01:11.664,0.0,31039,-1,521512,66716,5848379,264567,,0.0,0.0,8752,9023,9492,0,0,0,15368,22016,2564,-1,-1,-1,-1,-1,-1,-1,-1,-1,-1,-1,-1,-1,-1,-1,-1,-1,-1
'14:01:12.653,0.0,31039,-1,521512,66716,5848379,264567,,0.0,0.0,8752,9023,9492,0,0,0,15368,22016,2564,-1,-1,-1,-1,-1,-1,-1,-1,-1,-1,-1,-1,-1,-1,-1,-1,-1,-1
'14:01:13.676,0.0,31039,-1,521512,66716,5848379,264567,,0.0,0.0,8752,9023,9492,0,0,0,15368,22016,2564,-1,-1,-1,-1,-1,-1,-1,-1,-1,-1,-1,-1,-1,-1,-1,-1,-1,-1
'14:01:14.669,0.0,31039,-1,521512,66716,5848379,264567,,0.0,0.0,8752,9023,9492,0,0,0,15368,22016,2564,-1,-1,-1,-1,-1,-1,-1,-1,-1,-1,-1,-1,-1,-1,-1,-1,-1,-1
'14:01:15.670,0.0,31039,-1,521512,66716,5848379,264567,,0.0,0.0,8752,9023,9492,0,0,0,15368,22016,2564,-1,-1,-1,-1,-1,-1,-1,-1,-1,-1,-1,-1,-1,-1,-1,-1,-1,-1
'14:01:16.682,0.0,31039,-1,521512,66716,5848379,264567,,0.0,0.0,8752,9023,9492,0,0,0,15368,22016,2564,-1,-1,-1,-1,-1,-1,-1,-1,-1,-1,-1,-1,-1,-1,-1,-1,-1,-1
'14:01:17.665,0.0,31039,-1,521512,66716,5848379,264567,,0.0,0.0,8752,9023,9492,0,0,0,15368,22016,2564,-1,-1,-1,-1,-1,-1,-1,-1,-1,-1,-1,-1,-1,-1,-1,-1,-1,-1
'14:01:18.679,0.0,31039,-1,521512,66716,5848379,264567,,0.0,0.0,8752,9023,9492,0,0,0,15368,22016,2564,-1,-1,-1,-1,-1,-1,-1,-1,-1,-1,-1,-1,-1,-1,-1,-1,-1,-1
'14:01:19.676,0.0,31039,-1,521512,66716,5848379,264567,,0.0,0.0,8752,9023,9492,0,0,0,15368,22016,2564,-1,-1,-1,-1,-1,-1,-1,-1,-1,-1,-1,-1,-1,-1,-1,-1,-1,-1
'14:01:20.679,0.0,31039,-1,521512,66716,5848379,264567,,0.0,0.0,8752,9023,9492,0,0,0,15368,22016,2564,-1,-1,-1,-1,-1,-1,-1,-1,-1,-1,-1,-1,-1,-1,-1,-1,-1,-1
'14:01:21.663,0.0,31039,-1,521512,66716,5848379,264567,,0.0,0.0,8752,9023,9492,0,0,0,15368,22016,2564,-1,-1,-1,-1,-1,-1,-1,-1,-1,-1,-1,-1,-1,-1,-1,-1,-1,-1
'14:01:22.671,0.0,31039,-1,521512,66716,5848379,264567,,0.0,0.0,8752,9023,9492,0,0,0,15368,22016,2564,-1,-1,-1,-1,-1,-1,-1,-1,-1,-1,-1,-1,-1,-1,-1,-1,-1,-1
'14:01:23.679,0.0,31039,-1,521512,66716,5848379,264567,,0.0,0.0,8752,9023,9492,0,0,0,15368,22016,2564,-1,-1,-1,-1,-1,-1,-1,-1,-1,-1,-1,-1,-1,-1,-1,-1,-1,-1
'14:01:24.706,0.0,31039,-1,521512,66716,5848379,264567,,0.0,0.0,8752,9023,9492,0,0,0,15368,22016,2564,-1,-1,-1,-1,-1,-1,-1,-1,-1,-1,-1,-1,-1,-1,-1,-1,-1,-1
'14:01:25.672,0.0,31018,-1,521512,66716,5848379,264567,,0.0,0.0,8752,9023,9492,0,0,0,15368,21995,2564,-1,-1,-1,-1,-1,-1,-1,-1,-1,-1,-1,-1,-1,-1,-1,-1,-1,-1
'14:01:26.687,0.0,31018,-1,521512,66716,5848379,264567,,0.0,0.0,8752,9023,9492,0,0,0,15368,21995,2564,-1,-1,-1,-1,-1,-1,-1,-1,-1,-1,-1,-1,-1,-1,-1,-1,-1,-1
'14:01:27.675,0.0,31018,-1,521512,66716,5848379,264567,,0.0,0.0,8752,9023,9492,0,0,0,15368,21995,2564,-1,-1,-1,-1,-1,-1,-1,-1,-1,-1,-1,-1,-1,-1,-1,-1,-1,-1
'14:01:28.690,0.0,31018,-1,521512,66716,5848379,264567,,0.0,0.0,8752,9023,9492,0,0,0,15368,21995,2564,-1,-1,-1,-1,-1,-1,-1,-1,-1,-1,-1,-1,-1,-1,-1,-1,-1,-1
'14:01:29.671,0.0,31039,-1,521512,66716,5848379,264567,,0.0,0.0,8752,9023,9492,0,0,0,15368,22016,2564,-1,-1,-1,-1,-1,-1,-1,-1,-1,-1,-1,-1,-1,-1,-1,-1,-1,-1
'14:01:30.695,0.0,31039,-1,521512,66716,5848379,264567,,0.0,0.0,8752,9023,9492,0,0,0,15368,22016,2564,-1,-1,-1,-1,-1,-1,-1,-1,-1,-1,-1,-1,-1,-1,-1,-1,-1,-1
'14:01:31.696,0.0,31039,-1,521512,66716,5848379,264567,,0.0,0.0,8752,9023,9492,0,0,0,15368,22016,2564,-1,-1,-1,-1,-1,-1,-1,-1,-1,-1,-1,-1,-1,-1,-1,-1,-1,-1
'14:01:32.676,0.0,31039,-1,521512,66716,5848379,264567,,0.0,0.0,8752,9023,9492,0,0,0,15368,22016,2564,-1,-1,-1,-1,-1,-1,-1,-1,-1,-1,-1,-1,-1,-1,-1,-1,-1,-1
'14:01:33.686,0.0,31039,-1,521512,66716,5848379,264567,,0.0,0.0,8752,9023,9492,0,0,0,15368,22016,2564,-1,-1,-1,-1,-1,-1,-1,-1,-1,-1,-1,-1,-1,-1,-1,-1,-1,-1
'14:01:34.669,0.0,31039,-1,521512,66716,5848379,264567,,0.0,0.0,8752,9023,9492,0,0,0,15368,22016,2564,-1,-1,-1,-1,-1,-1,-1,-1,-1,-1,-1,-1,-1,-1,-1,-1,-1,-1
'14:01:35.707,0.0,31039,-1,521512,66716,5848379,264567,,0.0,0.0,8752,9023,9492,0,0,0,15368,22016,2564,-1,-1,-1,-1,-1,-1,-1,-1,-1,-1,-1,-1,-1,-1,-1,-1,-1,-1
'14:01:36.696,0.0,31039,-1,521512,66716,5848379,264567,,0.0,0.0,8752,9023,9492,0,0,0,15368,22016,2564,-1,-1,-1,-1,-1,-1,-1,-1,-1,-1,-1,-1,-1,-1,-1,-1,-1,-1
'14:01:37.697,0.0,31018,-1,521512,66716,5848379,264567,,0.0,0.0,8752,9023,9492,0,0,0,15368,21995,2564,-1,-1,-1,-1,-1,-1,-1,-1,-1,-1,-1,-1,-1,-1,-1,-1,-1,-1
'14:01:38.667,0.0,31018,-1,521512,66716,5848379,264567,,0.0,0.0,8752,9023,9492,0,0,0,15368,21995,2564,-1,-1,-1,-1,-1,-1,-1,-1,-1,-1,-1,-1,-1,-1,-1,-1,-1,-1
'14:01:39.686,0.0,31018,-1,521512,66716,5848379,264567,,0.0,0.0,8752,9023,9492,0,0,0,15368,21995,2564,-1,-1,-1,-1,-1,-1,-1,-1,-1,-1,-1,-1,-1,-1,-1,-1,-1,-1
'14:01:40.692,0.0,31018,-1,521512,66716,5848379,264567,,0.0,0.0,8752,9023,9492,0,0,0,15368,21995,2564,-1,-1,-1,-1,-1,-1,-1,-1,-1,-1,-1,-1,-1,-1,-1,-1,-1,-1
'14:01:41.702,0.0,31018,-1,521512,66716,5848379,264567,,0.0,0.0,8752,9023,9492,0,0,0,15368,21995,2564,-1,-1,-1,-1,-1,-1,-1,-1,-1,-1,-1,-1,-1,-1,-1,-1,-1,-1
'14:01:42.686,0.0,31039,-1,521512,66716,5848379,264567,,0.0,0.0,8752,9023,9492,0,0,0,15368,22016,2564,-1,-1,-1,-1,-1,-1,-1,-1,-1,-1,-1,-1,-1,-1,-1,-1,-1,-1
'14:01:43.672,0.0,31039,-1,521512,66716,5848379,264567,,0.0,0.0,8752,9023,9492,0,0,0,15368,22016,2564,-1,-1,-1,-1,-1,-1,-1,-1,-1,-1,-1,-1,-1,-1,-1,-1,-1,-1
'14:01:44.707,0.0,31039,-1,521512,66716,5848379,264567,,0.0,0.0,8752,9023,9492,0,0,0,15368,22016,2564,-1,-1,-1,-1,-1,-1,-1,-1,-1,-1,-1,-1,-1,-1,-1,-1,-1,-1
'14:01:45.740,0.0,31039,-1,521512,66716,5848379,264567,,0.0,0.0,8752,9023,9492,0,0,0,15368,22016,2564,-1,-1,-1,-1,-1,-1,-1,-1,-1,-1,-1,-1,-1,-1,-1,-1,-1,-1
'14:01:46.685,0.0,31039,-1,521512,66716,5848379,264567,,0.0,0.0,8752,9023,9492,0,0,0,15368,22016,2564,-1,-1,-1,-1,-1,-1,-1,-1,-1,-1,-1,-1,-1,-1,-1,-1,-1,-1
'14:01:47.691,0.0,31039,-1,521512,66716,5848379,264567,,0.0,0.0,8752,9023,9492,0,0,0,15368,22016,2564,-1,-1,-1,-1,-1,-1,-1,-1,-1,-1,-1,-1,-1,-1,-1,-1,-1,-1
'14:01:48.680,0.0,31039,-1,521512,66716,5848379,264567,,0.0,0.0,8752,9023,9492,0,0,0,15368,22016,2564,-1,-1,-1,-1,-1,-1,-1,-1,-1,-1,-1,-1,-1,-1,-1,-1,-1,-1
'14:01:49.679,0.0,31039,-1,521512,66716,5848379,264567,,0.0,0.0,8752,9023,9492,0,0,0,15368,22016,2564,-1,-1,-1,-1,-1,-1,-1,-1,-1,-1,-1,-1,-1,-1,-1,-1,-1,-1
'14:01:50.674,0.0,31039,-1,521512,66716,5848379,264567,,0.0,0.0,8752,9023,9492,0,0,0,15368,22016,2564,-1,-1,-1,-1,-1,-1,-1,-1,-1,-1,-1,-1,-1,-1,-1,-1,-1,-1
'14:01:51.683,0.0,31039,-1,521512,66716,5848379,264567,,0.0,0.0,8752,9023,9492,0,0,0,15368,22016,2564,-1,-1,-1,-1,-1,-1,-1,-1,-1,-1,-1,-1,-1,-1,-1,-1,-1,-1
'14:01:52.703,0.0,31039,-1,521512,66716,5848379,264567,,0.0,0.0,8752,9023,9492,0,0,0,15368,22016,2564,-1,-1,-1,-1,-1,-1,-1,-1,-1,-1,-1,-1,-1,-1,-1,-1,-1,-1
'14:01:53.697,0.0,31039,-1,521512,66716,5848379,264567,,0.0,0.0,8752,9023,9492,0,0,0,15368,22016,2564,-1,-1,-1,-1,-1,-1,-1,-1,-1,-1,-1,-1,-1,-1,-1,-1,-1,-1
'14:01:54.704,0.0,31039,-1,521512,66716,5848379,264567,,0.0,0.0,8752,9023,9492,0,0,0,15368,22016,2564,-1,-1,-1,-1,-1,-1,-1,-1,-1,-1,-1,-1,-1,-1,-1,-1,-1,-1
'14:01:55.691,0.0,31039,-1,521512,66716,5848379,264567,,0.0,0.0,8752,9023,9492,0,0,0,15368,22016,2564,-1,-1,-1,-1,-1,-1,-1,-1,-1,-1,-1,-1,-1,-1,-1,-1,-1,-1
'14:01:56.703,0.0,31039,-1,521512,66716,5848379,264567,,0.0,0.0,8752,9023,9492,0,0,0,15368,22016,2564,-1,-1,-1,-1,-1,-1,-1,-1,-1,-1,-1,-1,-1,-1,-1,-1,-1,-1
'14:01:57.697,0.0,31039,-1,521512,66716,5848379,264567,,0.0,0.0,8752,9023,9492,0,0,0,15368,22016,2564,-1,-1,-1,-1,-1,-1,-1,-1,-1,-1,-1,-1,-1,-1,-1,-1,-1,-1
'14:01:58.687,0.0,31039,-1,521512,66716,5848379,264567,,0.0,0.0,8752,9023,9492,0,0,0,15368,22016,2564,-1,-1,-1,-1,-1,-1,-1,-1,-1,-1,-1,-1,-1,-1,-1,-1,-1,-1
'14:01:59.684,0.0,31039,-1,521512,66716,5848379,264567,,0.0,0.0,8752,9023,9492,0,0,0,15368,22016,2564,-1,-1,-1,-1,-1,-1,-1,-1,-1,-1,-1,-1,-1,-1,-1,-1,-1,-1
'14:02:00.701,0.0,31039,-1,521512,66716,5848379,264567,,0.0,0.0,8752,9023,9492,0,0,0,15368,22016,2564,-1,-1,-1,-1,-1,-1,-1,-1,-1,-1,-1,-1,-1,-1,-1,-1,-1,-1
'14:02:01.689,0.0,31039,-1,521512,66716,5848379,264567,,0.0,0.0,8752,9023,9492,0,0,0,15368,22016,2564,-1,-1,-1,-1,-1,-1,-1,-1,-1,-1,-1,-1,-1,-1,-1,-1,-1,-1
'14:02:02.683,0.0,31039,-1,521512,66716,5848379,264567,,0.0,0.0,8752,9023,9492,0,0,0,15368,22016,2564,-1,-1,-1,-1,-1,-1,-1,-1,-1,-1,-1,-1,-1,-1,-1,-1,-1,-1
'14:02:03.690,0.0,31039,-1,521512,66716,5848379,264567,,0.0,0.0,8752,9023,9492,0,0,0,15368,22016,2564,-1,-1,-1,-1,-1,-1,-1,-1,-1,-1,-1,-1,-1,-1,-1,-1,-1,-1
'14:02:04.725,0.0,31039,-1,521512,66716,5848379,264567,,0.0,0.0,8752,9023,9492,0,0,0,15368,22016,2564,-1,-1,-1,-1,-1,-1,-1,-1,-1,-1,-1,-1,-1,-1,-1,-1,-1,-1
'14:02:05.691,0.0,31039,-1,521512,66716,5848379,264567,,0.0,0.0,8752,9023,9492,0,0,0,15368,22016,2564,-1,-1,-1,-1,-1,-1,-1,-1,-1,-1,-1,-1,-1,-1,-1,-1,-1,-1
'14:02:06.704,0.0,31039,-1,521512,66716,5848379,264567,,0.0,0.0,8752,9023,9492,0,0,0,15368,22016,2564,-1,-1,-1,-1,-1,-1,-1,-1,-1,-1,-1,-1,-1,-1,-1,-1,-1,-1
'14:02:07.701,0.0,31039,-1,521512,66716,5848379,264567,,0.0,0.0,8752,9023,9492,0,0,0,15368,22016,2564,-1,-1,-1,-1,-1,-1,-1,-1,-1,-1,-1,-1,-1,-1,-1,-1,-1,-1
'14:02:08.697,0.0,31039,-1,521512,66716,5848379,264567,,0.0,0.0,8752,9023,9492,0,0,0,15368,22016,2564,-1,-1,-1,-1,-1,-1,-1,-1,-1,-1,-1,-1,-1,-1,-1,-1,-1,-1
'14:02:09.684,0.0,31039,-1,521512,66716,5848379,264567,,0.0,0.0,8752,9023,9492,0,0,0,15368,22016,2564,-1,-1,-1,-1,-1,-1,-1,-1,-1,-1,-1,-1,-1,-1,-1,-1,-1,-1
'14:02:10.690,0.0,31039,-1,521512,66716,5848379,264567,,0.0,0.0,8752,9023,9492,0,0,0,15368,22016,2564,-1,-1,-1,-1,-1,-1,-1,-1,-1,-1,-1,-1,-1,-1,-1,-1,-1,-1
'14:02:11.726,0.0,31039,-1,521512,66716,5848379,264567,,0.0,0.0,8752,9023,9492,0,0,0,15368,22016,2564,-1,-1,-1,-1,-1,-1,-1,-1,-1,-1,-1,-1,-1,-1,-1,-1,-1,-1
'14:02:12.717,0.0,31039,-1,521512,66716,5848379,264567,,0.0,0.0,8752,9023,9492,0,0,0,15368,22016,2564,-1,-1,-1,-1,-1,-1,-1,-1,-1,-1,-1,-1,-1,-1,-1,-1,-1,-1
'14:02:13.704,0.0,31039,-1,521512,66716,5848379,264567,,0.0,0.0,8752,9023,9492,0,0,0,15368,22016,2564,-1,-1,-1,-1,-1,-1,-1,-1,-1,-1,-1,-1,-1,-1,-1,-1,-1,-1
'14:02:14.693,0.0,31018,-1,521512,66716,5848379,264567,,0.0,0.0,8752,9023,9492,0,0,0,15368,21995,2564,-1,-1,-1,-1,-1,-1,-1,-1,-1,-1,-1,-1,-1,-1,-1,-1,-1,-1
'14:02:15.708,0.0,31018,-1,521512,66716,5848379,264567,,0.0,0.0,8752,9023,9492,0,0,0,15368,21995,2564,-1,-1,-1,-1,-1,-1,-1,-1,-1,-1,-1,-1,-1,-1,-1,-1,-1,-1
'14:02:16.723,0.0,31018,-1,521512,66716,5848379,264567,,0.0,0.0,8752,9023,9492,0,0,0,15368,21995,2564,-1,-1,-1,-1,-1,-1,-1,-1,-1,-1,-1,-1,-1,-1,-1,-1,-1,-1
'14:02:17.719,0.0,31039,-1,521512,66716,5848379,264567,,0.0,0.0,8752,9023,9492,0,0,0,15368,22016,2564,-1,-1,-1,-1,-1,-1,-1,-1,-1,-1,-1,-1,-1,-1,-1,-1,-1,-1
'14:02:18.704,0.0,31039,-1,521512,66716,5848379,264567,,0.0,0.0,8752,9023,9492,0,0,0,15368,22016,2564,-1,-1,-1,-1,-1,-1,-1,-1,-1,-1,-1,-1,-1,-1,-1,-1,-1,-1
'14:02:19.708,0.0,31039,-1,521512,66716,5848379,264567,,0.0,0.0,8752,9023,9492,0,0,0,15368,22016,2564,-1,-1,-1,-1,-1,-1,-1,-1,-1,-1,-1,-1,-1,-1,-1,-1,-1,-1
'14:02:20.732,0.0,31039,-1,521512,66716,5848379,264567,,0.0,0.0,8752,9023,9492,0,0,0,15368,22016,2564,-1,-1,-1,-1,-1,-1,-1,-1,-1,-1,-1,-1,-1,-1,-1,-1,-1,-1
'14:02:21.697,0.0,31039,-1,521512,66716,5848379,264567,,0.0,0.0,8752,9023,9492,0,0,0,15368,22016,2564,-1,-1,-1,-1,-1,-1,-1,-1,-1,-1,-1,-1,-1,-1,-1,-1,-1,-1
'14:02:22.702,0.0,31039,-1,521512,66716,5848379,264567,,0.0,0.0,8752,9023,9492,0,0,0,15368,22016,2564,-1,-1,-1,-1,-1,-1,-1,-1,-1,-1,-1,-1,-1,-1,-1,-1,-1,-1
'14:02:23.698,0.0,31039,-1,521512,66716,5848379,264567,,0.0,0.0,8752,9023,9492,0,0,0,15368,22016,2564,-1,-1,-1,-1,-1,-1,-1,-1,-1,-1,-1,-1,-1,-1,-1,-1,-1,-1
'14:02:24.703,0.0,31039,-1,521512,66716,5848379,264567,,0.0,0.0,8752,9023,9492,0,0,0,15368,22016,2564,-1,-1,-1,-1,-1,-1,-1,-1,-1,-1,-1,-1,-1,-1,-1,-1,-1,-1
'14:02:25.716,0.0,31039,-1,521512,66716,5848379,264567,,0.0,0.0,8752,9023,9492,0,0,0,15368,22016,2564,-1,-1,-1,-1,-1,-1,-1,-1,-1,-1,-1,-1,-1,-1,-1,-1,-1,-1
'14:02:26.703,0.0,31039,-1,521512,66716,5848379,264567,,0.0,0.0,8752,9023,9492,0,0,0,15368,22016,2564,-1,-1,-1,-1,-1,-1,-1,-1,-1,-1,-1,-1,-1,-1,-1,-1,-1,-1
'14:02:27.713,0.0,31039,-1,521512,66716,5848379,264567,,0.0,0.0,8752,9023,9492,0,0,0,15368,22016,2564,-1,-1,-1,-1,-1,-1,-1,-1,-1,-1,-1,-1,-1,-1,-1,-1,-1,-1
'14:02:28.720,0.0,31039,-1,521512,66716,5848379,264567,,0.0,0.0,8752,9023,9492,0,0,0,15368,22016,2564,-1,-1,-1,-1,-1,-1,-1,-1,-1,-1,-1,-1,-1,-1,-1,-1,-1,-1
'14:02:29.701,0.0,31039,-1,521512,66716,5848379,264567,,0.0,0.0,8752,9023,9492,0,0,0,15368,22016,2564,-1,-1,-1,-1,-1,-1,-1,-1,-1,-1,-1,-1,-1,-1,-1,-1,-1,-1
'14:02:30.699,0.0,31039,-1,521512,66716,5848379,264567,,0.0,0.0,8752,9023,9492,0,0,0,15368,22016,2564,-1,-1,-1,-1,-1,-1,-1,-1,-1,-1,-1,-1,-1,-1,-1,-1,-1,-1
'14:02:31.722,0.0,31039,-1,521512,66716,5848379,264567,,0.0,0.0,8752,9023,9492,0,0,0,15368,22016,2564,-1,-1,-1,-1,-1,-1,-1,-1,-1,-1,-1,-1,-1,-1,-1,-1,-1,-1
'14:02:32.714,0.0,31039,-1,521512,66716,5848379,264567,,0.0,0.0,8752,9023,9492,0,0,0,15368,22016,2564,-1,-1,-1,-1,-1,-1,-1,-1,-1,-1,-1,-1,-1,-1,-1,-1,-1,-1
'14:02:33.716,0.0,31039,-1,521512,66716,5848379,264567,,0.0,0.0,8752,9023,9492,0,0,0,15368,22016,2564,-1,-1,-1,-1,-1,-1,-1,-1,-1,-1,-1,-1,-1,-1,-1,-1,-1,-1
'14:02:34.706,0.0,31039,-1,521512,66716,5848379,264567,,0.0,0.0,8752,9023,9492,0,0,0,15368,22016,2564,-1,-1,-1,-1,-1,-1,-1,-1,-1,-1,-1,-1,-1,-1,-1,-1,-1,-1
'14:02:35.719,0.0,31039,-1,521512,66716,5848379,264567,,0.0,0.0,8752,9023,9492,0,0,0,15368,22016,2564,-1,-1,-1,-1,-1,-1,-1,-1,-1,-1,-1,-1,-1,-1,-1,-1,-1,-1
'14:02:36.719,0.0,31039,-1,521512,66716,5848379,264567,,0.0,0.0,8752,9023,9492,0,0,0,15368,22016,2564,-1,-1,-1,-1,-1,-1,-1,-1,-1,-1,-1,-1,-1,-1,-1,-1,-1,-1
'14:02:37.737,0.0,31039,-1,521512,66716,5848379,264567,,0.0,0.0,8752,9023,9492,0,0,0,15368,22016,2564,-1,-1,-1,-1,-1,-1,-1,-1,-1,-1,-1,-1,-1,-1,-1,-1,-1,-1
'14:02:38.740,0.0,31039,-1,521512,66716,5848379,264567,,0.0,0.0,8752,9023,9492,0,0,0,15368,22016,2564,-1,-1,-1,-1,-1,-1,-1,-1,-1,-1,-1,-1,-1,-1,-1,-1,-1,-1
'14:02:39.725,0.0,31039,-1,521512,66716,5848379,264567,,0.0,0.0,8752,9023,9492,0,0,0,15368,22016,2564,-1,-1,-1,-1,-1,-1,-1,-1,-1,-1,-1,-1,-1,-1,-1,-1,-1,-1
'14:02:40.730,0.0,31039,-1,521512,66716,5848379,264567,,0.0,0.0,8752,9023,9492,0,0,0,15368,22016,2564,-1,-1,-1,-1,-1,-1,-1,-1,-1,-1,-1,-1,-1,-1,-1,-1,-1,-1
'14:02:41.708,0.0,31039,-1,521512,66716,5848379,264567,,0.0,0.0,8752,9023,9492,0,0,0,15368,22016,2564,-1,-1,-1,-1,-1,-1,-1,-1,-1,-1,-1,-1,-1,-1,-1,-1,-1,-1
'14:02:42.714,0.0,31039,-1,521512,66716,5848379,264567,,0.0,0.0,8752,9023,9492,0,0,0,15368,22016,2564,-1,-1,-1,-1,-1,-1,-1,-1,-1,-1,-1,-1,-1,-1,-1,-1,-1,-1
'14:02:43.731,0.0,31039,-1,521512,66716,5848379,264567,,0.0,0.0,8752,9023,9492,0,0,0,15368,22016,2564,-1,-1,-1,-1,-1,-1,-1,-1,-1,-1,-1,-1,-1,-1,-1,-1,-1,-1
'14:02:44.719,0.0,31039,-1,521512,66716,5848379,264567,,0.0,0.0,8752,9023,9492,0,0,0,15368,22016,2564,-1,-1,-1,-1,-1,-1,-1,-1,-1,-1,-1,-1,-1,-1,-1,-1,-1,-1
'14:02:45.720,0.0,31039,-1,521512,66716,5848379,264567,,0.0,0.0,8752,9023,9492,0,0,0,15368,22016,2564,-1,-1,-1,-1,-1,-1,-1,-1,-1,-1,-1,-1,-1,-1,-1,-1,-1,-1
'14:02:46.736,0.0,31039,-1,521512,66716,5848379,264567,,0.0,0.0,8752,9023,9492,0,0,0,15368,22016,2564,-1,-1,-1,-1,-1,-1,-1,-1,-1,-1,-1,-1,-1,-1,-1,-1,-1,-1
'14:02:47.707,0.0,31039,-1,521512,66716,5848379,264567,,0.0,0.0,8752,9023,9492,0,0,0,15368,22016,2564,-1,-1,-1,-1,-1,-1,-1,-1,-1,-1,-1,-1,-1,-1,-1,-1,-1,-1
'14:02:48.723,0.0,31039,-1,521512,66716,5848379,264567,,0.0,0.0,8752,9023,9492,0,0,0,15368,22016,2564,-1,-1,-1,-1,-1,-1,-1,-1,-1,-1,-1,-1,-1,-1,-1,-1,-1,-1
'14:02:49.747,0.0,31039,-1,521512,66716,5848379,264567,,0.0,0.0,8752,9023,9492,0,0,0,15368,22016,2564,-1,-1,-1,-1,-1,-1,-1,-1,-1,-1,-1,-1,-1,-1,-1,-1,-1,-1
'14:02:50.729,0.0,31039,-1,521512,66716,5848379,264567,,0.0,0.0,8752,9023,9492,0,0,0,15368,22016,2564,-1,-1,-1,-1,-1,-1,-1,-1,-1,-1,-1,-1,-1,-1,-1,-1,-1,-1
'14:02:51.712,0.0,31039,-1,521512,66716,5848379,264567,,0.0,0.0,8752,9023,9492,0,0,0,15368,22016,2564,-1,-1,-1,-1,-1,-1,-1,-1,-1,-1,-1,-1,-1,-1,-1,-1,-1,-1
'14:02:52.727,0.0,31039,-1,521512,66716,5848379,264567,,0.0,0.0,8752,9023,9492,0,0,0,15368,22016,2564,-1,-1,-1,-1,-1,-1,-1,-1,-1,-1,-1,-1,-1,-1,-1,-1,-1,-1
'14:02:53.735,0.0,31039,-1,521512,66716,5848379,264567,,0.0,0.0,8752,9023,9492,0,0,0,15368,22016,2564,-1,-1,-1,-1,-1,-1,-1,-1,-1,-1,-1,-1,-1,-1,-1,-1,-1,-1
'14:02:54.716,0.0,31039,-1,521512,66716,5848379,264567,,0.0,0.0,8752,9023,9492,0,0,0,15368,22016,2564,-1,-1,-1,-1,-1,-1,-1,-1,-1,-1,-1,-1,-1,-1,-1,-1,-1,-1
'14:02:55.739,0.0,31039,-1,521512,66716,5848379,264567,,0.0,0.0,8752,9023,9492,0,0,0,15368,22016,2564,-1,-1,-1,-1,-1,-1,-1,-1,-1,-1,-1,-1,-1,-1,-1,-1,-1,-1
