Time,Total Power(uAh),,GPS time(ms),GPS Power(uAh),Sensors Power(uAh),,CPU-total time(ms),CPU-foreground time(ms),CPU-wakeup time(ms),CPU Power(uAh),,Net In(Byte),Net Out(Byte),TCP Power(uAh),,WiFi-On time(ms),WiFi-on Power(uAh),WiFi-scan time(ms),WiFi-scan Power(uAh)
'02:31:26.825,0.00,,0.00,0.00,0.00,,0.00,0.00,0.00,0.00,,0,0,0.00,,0.00,0.00,0.00,0.00
'02:31:27.881,0.00,,0.00,0.00,0.00,,0.00,0.00,0.00,0.00,,0,0,0.00,,0.00,0.00,0.00,0.00
'02:31:28.847,0.00,,0.00,0.00,0.00,,0.00,0.00,0.00,0.00,,0,0,0.00,,0.00,0.00,0.00,0.00
'02:31:29.835,0.00,,0.00,0.00,0.00,,0.00,0.00,0.00,0.00,,0,0,0.00,,0.00,0.00,0.00,0.00
'02:31:30.870,0.00,,0.00,0.00,0.00,,0.00,0.00,0.00,0.00,,0,0,0.00,,0.00,0.00,0.00,0.00
'02:31:31.817,0.00,,0.00,0.00,0.00,,0.00,0.00,0.00,0.00,,0,0,0.00,,0.00,0.00,0.00,0.00
'02:31:32.874,0.00,,0.00,0.00,0.00,,0.00,0.00,0.00,0.00,,0,0,0.00,,0.00,0.00,0.00,0.00
'02:31:33.850,0.00,,0.00,0.00,0.00,,0.00,0.00,0.00,0.00,,0,0,0.00,,0.00,0.00,0.00,0.00
'02:31:34.889,0.00,,0.00,0.00,0.00,,0.00,0.00,0.00,0.00,,0,0,0.00,,0.00,0.00,0.00,0.00
'02:31:35.865,0.00,,0.00,0.00,0.00,,0.00,0.00,0.00,0.00,,0,0,0.00,,0.00,0.00,0.00,0.00
'02:31:36.844,0.00,,0.00,0.00,0.00,,0.00,0.00,0.00,0.00,,0,0,0.00,,0.00,0.00,0.00,0.00
'02:31:37.837,0.00,,0.00,0.00,0.00,,0.00,0.00,0.00,0.00,,0,0,0.00,,0.00,0.00,0.00,0.00
'02:31:38.866,0.00,,0.00,0.00,0.00,,0.00,0.00,0.00,0.00,,0,0,0.00,,0.00,0.00,0.00,0.00
'02:31:39.847,0.00,,0.00,0.00,0.00,,0.00,0.00,0.00,0.00,,0,0,0.00,,0.00,0.00,0.00,0.00
'02:31:40.828,0.00,,0.00,0.00,0.00,,0.00,0.00,0.00,0.00,,0,0,0.00,,0.00,0.00,0.00,0.00
'02:31:41.858,0.00,,0.00,0.00,0.00,,0.00,0.00,0.00,0.00,,0,0,0.00,,0.00,0.00,0.00,0.00
'02:31:42.837,0.00,,0.00,0.00,0.00,,0.00,0.00,0.00,0.00,,0,0,0.00,,0.00,0.00,0.00,0.00
'02:31:43.855,0.00,,0.00,0.00,0.00,,0.00,0.00,0.00,0.00,,0,0,0.00,,0.00,0.00,0.00,0.00
'02:31:44.855,0.00,,0.00,0.00,0.00,,0.00,0.00,0.00,0.00,,0,0,0.00,,0.00,0.00,0.00,0.00
'02:31:45.854,0.00,,0.00,0.00,0.00,,0.00,0.00,0.00,0.00,,0,0,0.00,,0.00,0.00,0.00,0.00
'02:31:46.842,0.00,,0.00,0.00,0.00,,0.00,0.00,0.00,0.00,,0,0,0.00,,0.00,0.00,0.00,0.00
'02:31:47.844,0.00,,0.00,0.00,0.00,,0.00,0.00,0.00,0.00,,0,0,0.00,,0.00,0.00,0.00,0.00
'02:31:48.944,0.00,,0.00,0.00,0.00,,0.00,0.00,0.00,0.00,,0,0,0.00,,0.00,0.00,0.00,0.00
'02:31:49.842,0.00,,0.00,0.00,0.00,,0.00,0.00,0.00,0.00,,0,0,0.00,,0.00,0.00,0.00,0.00
'02:31:50.896,0.00,,0.00,0.00,0.00,,0.00,0.00,0.00,0.00,,0,0,0.00,,0.00,0.00,0.00,0.00
'02:31:51.864,0.00,,0.00,0.00,0.00,,0.00,0.00,0.00,0.00,,0,0,0.00,,0.00,0.00,0.00,0.00
'02:31:52.842,0.00,,0.00,0.00,0.00,,0.00,0.00,0.00,0.00,,0,0,0.00,,0.00,0.00,0.00,0.00
'02:31:53.854,0.00,,0.00,0.00,0.00,,0.00,0.00,0.00,0.00,,0,0,0.00,,0.00,0.00,0.00,0.00
'02:31:54.915,0.00,,0.00,0.00,0.00,,0.00,0.00,0.00,0.00,,0,0,0.00,,0.00,0.00,0.00,0.00
'02:31:55.872,0.00,,0.00,0.00,0.00,,0.00,0.00,0.00,0.00,,0,0,0.00,,0.00,0.00,0.00,0.00
'02:31:56.839,0.00,,0.00,0.00,0.00,,0.00,0.00,0.00,0.00,,0,0,0.00,,0.00,0.00,0.00,0.00
'02:31:57.882,0.00,,0.00,0.00,0.00,,0.00,0.00,0.00,0.00,,0,0,0.00,,0.00,0.00,0.00,0.00
'02:31:58.913,0.00,,0.00,0.00,0.00,,0.00,0.00,0.00,0.00,,0,0,0.00,,0.00,0.00,0.00,0.00
'02:31:59.856,0.00,,0.00,0.00,0.00,,0.00,0.00,0.00,0.00,,0,0,0.00,,0.00,0.00,0.00,0.00
'02:32:00.870,0.00,,0.00,0.00,0.00,,0.00,0.00,0.00,0.00,,0,0,0.00,,0.00,0.00,0.00,0.00
'02:32:01.827,0.00,,0.00,0.00,0.00,,0.00,0.00,0.00,0.00,,0,0,0.00,,0.00,0.00,0.00,0.00
'02:32:02.857,0.00,,0.00,0.00,0.00,,0.00,0.00,0.00,0.00,,0,0,0.00,,0.00,0.00,0.00,0.00
'02:32:03.859,0.00,,0.00,0.00,0.00,,0.00,0.00,0.00,0.00,,0,0,0.00,,0.00,0.00,0.00,0.00
'02:32:04.894,0.00,,0.00,0.00,0.00,,0.00,0.00,0.00,0.00,,0,0,0.00,,0.00,0.00,0.00,0.00
'02:32:05.863,0.00,,0.00,0.00,0.00,,0.00,0.00,0.00,0.00,,0,0,0.00,,0.00,0.00,0.00,0.00
'02:32:06.907,0.00,,0.00,0.00,0.00,,0.00,0.00,0.00,0.00,,0,0,0.00,,0.00,0.00,0.00,0.00
'02:32:07.860,0.00,,0.00,0.00,0.00,,0.00,0.00,0.00,0.00,,0,0,0.00,,0.00,0.00,0.00,0.00
'02:32:08.857,0.00,,0.00,0.00,0.00,,0.00,0.00,0.00,0.00,,0,0,0.00,,0.00,0.00,0.00,0.00
'02:32:09.880,0.00,,0.00,0.00,0.00,,0.00,0.00,0.00,0.00,,0,0,0.00,,0.00,0.00,0.00,0.00
'02:32:10.866,0.00,,0.00,0.00,0.00,,0.00,0.00,0.00,0.00,,0,0,0.00,,0.00,0.00,0.00,0.00
'02:32:11.907,0.00,,0.00,0.00,0.00,,0.00,0.00,0.00,0.00,,0,0,0.00,,0.00,0.00,0.00,0.00
'02:32:12.864,0.00,,0.00,0.00,0.00,,0.00,0.00,0.00,0.00,,0,0,0.00,,0.00,0.00,0.00,0.00
'02:32:13.931,0.00,,0.00,0.00,0.00,,0.00,0.00,0.00,0.00,,0,0,0.00,,0.00,0.00,0.00,0.00
'02:32:14.849,0.00,,0.00,0.00,0.00,,0.00,0.00,0.00,0.00,,0,0,0.00,,0.00,0.00,0.00,0.00
'02:32:15.858,0.00,,0.00,0.00,0.00,,0.00,0.00,0.00,0.00,,0,0,0.00,,0.00,0.00,0.00,0.00
'02:32:16.860,0.00,,0.00,0.00,0.00,,0.00,0.00,0.00,0.00,,0,0,0.00,,0.00,0.00,0.00,0.00
'02:32:17.888,0.00,,0.00,0.00,0.00,,0.00,0.00,0.00,0.00,,0,0,0.00,,0.00,0.00,0.00,0.00
'02:32:18.883,0.00,,0.00,0.00,0.00,,0.00,0.00,0.00,0.00,,0,0,0.00,,0.00,0.00,0.00,0.00
'02:32:19.881,0.00,,0.00,0.00,0.00,,0.00,0.00,0.00,0.00,,0,0,0.00,,0.00,0.00,0.00,0.00
'02:32:20.929,0.00,,0.00,0.00,0.00,,0.00,0.00,0.00,0.00,,0,0,0.00,,0.00,0.00,0.00,0.00
'02:32:21.842,0.00,,0.00,0.00,0.00,,0.00,0.00,0.00,0.00,,0,0,0.00,,0.00,0.00,0.00,0.00
'02:32:22.948,0.00,,0.00,0.00,0.00,,0.00,0.00,0.00,0.00,,0,0,0.00,,0.00,0.00,0.00,0.00
'02:32:23.903,0.00,,0.00,0.00,0.00,,0.00,0.00,0.00,0.00,,0,0,0.00,,0.00,0.00,0.00,0.00
'02:32:24.854,0.00,,0.00,0.00,0.00,,0.00,0.00,0.00,0.00,,0,0,0.00,,0.00,0.00,0.00,0.00
'02:32:25.868,0.00,,0.00,0.00,0.00,,0.00,0.00,0.00,0.00,,0,0,0.00,,0.00,0.00,0.00,0.00
'02:32:26.865,0.00,,0.00,0.00,0.00,,0.00,0.00,0.00,0.00,,0,0,0.00,,0.00,0.00,0.00,0.00
'02:32:27.886,0.00,,0.00,0.00,0.00,,0.00,0.00,0.00,0.00,,0,0,0.00,,0.00,0.00,0.00,0.00
'02:32:28.867,0.00,,0.00,0.00,0.00,,0.00,0.00,0.00,0.00,,0,0,0.00,,0.00,0.00,0.00,0.00
'02:32:29.916,0.00,,0.00,0.00,0.00,,0.00,0.00,0.00,0.00,,0,0,0.00,,0.00,0.00,0.00,0.00
'02:32:30.902,0.00,,0.00,0.00,0.00,,0.00,0.00,0.00,0.00,,0,0,0.00,,0.00,0.00,0.00,0.00
'02:32:31.898,0.00,,0.00,0.00,0.00,,0.00,0.00,0.00,0.00,,0,0,0.00,,0.00,0.00,0.00,0.00
'02:32:32.864,0.00,,0.00,0.00,0.00,,0.00,0.00,0.00,0.00,,0,0,0.00,,0.00,0.00,0.00,0.00
'02:32:33.918,0.00,,0.00,0.00,0.00,,0.00,0.00,0.00,0.00,,0,0,0.00,,0.00,0.00,0.00,0.00
'02:32:34.876,0.00,,0.00,0.00,0.00,,0.00,0.00,0.00,0.00,,0,0,0.00,,0.00,0.00,0.00,0.00
'02:32:35.880,0.00,,0.00,0.00,0.00,,0.00,0.00,0.00,0.00,,0,0,0.00,,0.00,0.00,0.00,0.00
'02:32:36.941,0.00,,0.00,0.00,0.00,,0.00,0.00,0.00,0.00,,0,0,0.00,,0.00,0.00,0.00,0.00
'02:32:37.880,0.00,,0.00,0.00,0.00,,0.00,0.00,0.00,0.00,,0,0,0.00,,0.00,0.00,0.00,0.00
'02:32:38.935,0.00,,0.00,0.00,0.00,,0.00,0.00,0.00,0.00,,0,0,0.00,,0.00,0.00,0.00,0.00
'02:32:39.869,0.00,,0.00,0.00,0.00,,0.00,0.00,0.00,0.00,,0,0,0.00,,0.00,0.00,0.00,0.00
'02:32:40.865,0.00,,0.00,0.00,0.00,,0.00,0.00,0.00,0.00,,0,0,0.00,,0.00,0.00,0.00,0.00
'02:32:41.931,0.00,,0.00,0.00,0.00,,0.00,0.00,0.00,0.00,,0,0,0.00,,0.00,0.00,0.00,0.00
'02:32:42.884,0.00,,0.00,0.00,0.00,,0.00,0.00,0.00,0.00,,0,0,0.00,,0.00,0.00,0.00,0.00
'02:32:43.889,0.00,,0.00,0.00,0.00,,0.00,0.00,0.00,0.00,,0,0,0.00,,0.00,0.00,0.00,0.00
'02:32:44.928,0.00,,0.00,0.00,0.00,,0.00,0.00,0.00,0.00,,0,0,0.00,,0.00,0.00,0.00,0.00
'02:32:45.932,0.00,,0.00,0.00,0.00,,0.00,0.00,0.00,0.00,,0,0,0.00,,0.00,0.00,0.00,0.00
'02:32:46.878,0.00,,0.00,0.00,0.00,,0.00,0.00,0.00,0.00,,0,0,0.00,,0.00,0.00,0.00,0.00
'02:32:47.938,0.00,,0.00,0.00,0.00,,0.00,0.00,0.00,0.00,,0,0,0.00,,0.00,0.00,0.00,0.00
'02:32:48.887,0.00,,0.00,0.00,0.00,,0.00,0.00,0.00,0.00,,0,0,0.00,,0.00,0.00,0.00,0.00
'02:32:49.886,0.00,,0.00,0.00,0.00,,0.00,0.00,0.00,0.00,,0,0,0.00,,0.00,0.00,0.00,0.00
'02:32:50.875,0.00,,0.00,0.00,0.00,,0.00,0.00,0.00,0.00,,0,0,0.00,,0.00,0.00,0.00,0.00
'02:32:51.887,0.00,,0.00,0.00,0.00,,0.00,0.00,0.00,0.00,,0,0,0.00,,0.00,0.00,0.00,0.00
'02:32:52.948,0.00,,0.00,0.00,0.00,,0.00,0.00,0.00,0.00,,0,0,0.00,,0.00,0.00,0.00,0.00
'02:32:53.887,0.00,,0.00,0.00,0.00,,0.00,0.00,0.00,0.00,,0,0,0.00,,0.00,0.00,0.00,0.00
'02:32:54.900,0.00,,0.00,0.00,0.00,,0.00,0.00,0.00,0.00,,0,0,0.00,,0.00,0.00,0.00,0.00
'02:32:55.874,0.00,,0.00,0.00,0.00,,0.00,0.00,0.00,0.00,,0,0,0.00,,0.00,0.00,0.00,0.00
'02:32:56.868,0.00,,0.00,0.00,0.00,,0.00,0.00,0.00,0.00,,0,0,0.00,,0.00,0.00,0.00,0.00
'02:32:57.892,0.00,,0.00,0.00,0.00,,0.00,0.00,0.00,0.00,,0,0,0.00,,0.00,0.00,0.00,0.00
'02:32:58.880,0.00,,0.00,0.00,0.00,,0.00,0.00,0.00,0.00,,0,0,0.00,,0.00,0.00,0.00,0.00
'02:32:59.901,0.00,,0.00,0.00,0.00,,0.00,0.00,0.00,0.00,,0,0,0.00,,0.00,0.00,0.00,0.00
'02:33:00.888,0.00,,0.00,0.00,0.00,,0.00,0.00,0.00,0.00,,0,0,0.00,,0.00,0.00,0.00,0.00
'02:33:01.933,0.00,,0.00,0.00,0.00,,0.00,0.00,0.00,0.00,,0,0,0.00,,0.00,0.00,0.00,0.00
'02:33:02.890,0.00,,0.00,0.00,0.00,,0.00,0.00,0.00,0.00,,0,0,0.00,,0.00,0.00,0.00,0.00
'02:33:03.902,0.00,,0.00,0.00,0.00,,0.00,0.00,0.00,0.00,,0,0,0.00,,0.00,0.00,0.00,0.00
'02:33:04.898,0.00,,0.00,0.00,0.00,,0.00,0.00,0.00,0.00,,0,0,0.00,,0.00,0.00,0.00,0.00
'02:33:05.886,0.00,,0.00,0.00,0.00,,0.00,0.00,0.00,0.00,,0,0,0.00,,0.00,0.00,0.00,0.00
'02:33:06.941,0.00,,0.00,0.00,0.00,,0.00,0.00,0.00,0.00,,0,0,0.00,,0.00,0.00,0.00,0.00
'02:33:07.930,0.00,,0.00,0.00,0.00,,0.00,0.00,0.00,0.00,,0,0,0.00,,0.00,0.00,0.00,0.00
'02:33:08.955,0.00,,0.00,0.00,0.00,,0.00,0.00,0.00,0.00,,0,0,0.00,,0.00,0.00,0.00,0.00
'02:33:09.922,0.00,,0.00,0.00,0.00,,0.00,0.00,0.00,0.00,,0,0,0.00,,0.00,0.00,0.00,0.00
'02:33:10.970,0.00,,0.00,0.00,0.00,,0.00,0.00,0.00,0.00,,0,0,0.00,,0.00,0.00,0.00,0.00
'02:33:11.903,0.00,,0.00,0.00,0.00,,0.00,0.00,0.00,0.00,,0,0,0.00,,0.00,0.00,0.00,0.00
'02:33:12.902,0.00,,0.00,0.00,0.00,,0.00,0.00,0.00,0.00,,0,0,0.00,,0.00,0.00,0.00,0.00
'02:33:13.895,0.00,,0.00,0.00,0.00,,0.00,0.00,0.00,0.00,,0,0,0.00,,0.00,0.00,0.00,0.00
'02:33:14.891,0.00,,0.00,0.00,0.00,,0.00,0.00,0.00,0.00,,0,0,0.00,,0.00,0.00,0.00,0.00
'02:33:15.915,0.00,,0.00,0.00,0.00,,0.00,0.00,0.00,0.00,,0,0,0.00,,0.00,0.00,0.00,0.00
'02:33:16.908,0.00,,0.00,0.00,0.00,,0.00,0.00,0.00,0.00,,0,0,0.00,,0.00,0.00,0.00,0.00
'02:33:18.027,0.00,,0.00,0.00,0.00,,0.00,0.00,0.00,0.00,,0,0,0.00,,0.00,0.00,0.00,0.00
'02:33:18.901,0.00,,0.00,0.00,0.00,,0.00,0.00,0.00,0.00,,0,0,0.00,,0.00,0.00,0.00,0.00
'02:33:19.893,0.00,,0.00,0.00,0.00,,0.00,0.00,0.00,0.00,,0,0,0.00,,0.00,0.00,0.00,0.00
'02:33:20.919,0.00,,0.00,0.00,0.00,,0.00,0.00,0.00,0.00,,0,0,0.00,,0.00,0.00,0.00,0.00
'02:33:21.896,0.00,,0.00,0.00,0.00,,0.00,0.00,0.00,0.00,,0,0,0.00,,0.00,0.00,0.00,0.00
'02:33:22.925,0.00,,0.00,0.00,0.00,,0.00,0.00,0.00,0.00,,0,0,0.00,,0.00,0.00,0.00,0.00
'02:33:23.900,0.00,,0.00,0.00,0.00,,0.00,0.00,0.00,0.00,,0,0,0.00,,0.00,0.00,0.00,0.00
'02:33:24.965,0.00,,0.00,0.00,0.00,,0.00,0.00,0.00,0.00,,0,0,0.00,,0.00,0.00,0.00,0.00
'02:33:25.893,0.00,,0.00,0.00,0.00,,0.00,0.00,0.00,0.00,,0,0,0.00,,0.00,0.00,0.00,0.00
'02:33:26.930,0.00,,0.00,0.00,0.00,,0.00,0.00,0.00,0.00,,0,0,0.00,,0.00,0.00,0.00,0.00
'02:33:27.941,0.00,,0.00,0.00,0.00,,0.00,0.00,0.00,0.00,,0,0,0.00,,0.00,0.00,0.00,0.00
'02:33:28.952,0.00,,0.00,0.00,0.00,,0.00,0.00,0.00,0.00,,0,0,0.00,,0.00,0.00,0.00,0.00
'02:33:29.899,0.00,,0.00,0.00,0.00,,0.00,0.00,0.00,0.00,,0,0,0.00,,0.00,0.00,0.00,0.00
'02:33:30.950,0.00,,0.00,0.00,0.00,,0.00,0.00,0.00,0.00,,0,0,0.00,,0.00,0.00,0.00,0.00
'02:33:31.915,0.00,,0.00,0.00,0.00,,0.00,0.00,0.00,0.00,,0,0,0.00,,0.00,0.00,0.00,0.00
'02:33:32.908,0.00,,0.00,0.00,0.00,,0.00,0.00,0.00,0.00,,0,0,0.00,,0.00,0.00,0.00,0.00
'02:33:33.940,0.00,,0.00,0.00,0.00,,0.00,0.00,0.00,0.00,,0,0,0.00,,0.00,0.00,0.00,0.00
'02:33:34.904,0.00,,0.00,0.00,0.00,,0.00,0.00,0.00,0.00,,0,0,0.00,,0.00,0.00,0.00,0.00
'02:33:35.928,0.00,,0.00,0.00,0.00,,0.00,0.00,0.00,0.00,,0,0,0.00,,0.00,0.00,0.00,0.00
'02:33:36.895,0.00,,0.00,0.00,0.00,,0.00,0.00,0.00,0.00,,0,0,0.00,,0.00,0.00,0.00,0.00
'02:33:37.944,0.00,,0.00,0.00,0.00,,0.00,0.00,0.00,0.00,,0,0,0.00,,0.00,0.00,0.00,0.00
'02:33:38.917,0.00,,0.00,0.00,0.00,,0.00,0.00,0.00,0.00,,0,0,0.00,,0.00,0.00,0.00,0.00
'02:33:39.922,0.00,,0.00,0.00,0.00,,0.00,0.00,0.00,0.00,,0,0,0.00,,0.00,0.00,0.00,0.00
'02:33:40.994,0.00,,0.00,0.00,0.00,,0.00,0.00,0.00,0.00,,0,0,0.00,,0.00,0.00,0.00,0.00
'02:33:41.907,0.00,,0.00,0.00,0.00,,0.00,0.00,0.00,0.00,,0,0,0.00,,0.00,0.00,0.00,0.00
'02:33:42.940,0.00,,0.00,0.00,0.00,,0.00,0.00,0.00,0.00,,0,0,0.00,,0.00,0.00,0.00,0.00
'02:33:43.937,0.00,,0.00,0.00,0.00,,0.00,0.00,0.00,0.00,,0,0,0.00,,0.00,0.00,0.00,0.00
'02:33:44.940,0.00,,0.00,0.00,0.00,,0.00,0.00,0.00,0.00,,0,0,0.00,,0.00,0.00,0.00,0.00
'02:33:45.928,0.00,,0.00,0.00,0.00,,0.00,0.00,0.00,0.00,,0,0,0.00,,0.00,0.00,0.00,0.00
'02:33:46.947,0.00,,0.00,0.00,0.00,,0.00,0.00,0.00,0.00,,0,0,0.00,,0.00,0.00,0.00,0.00
'02:33:47.976,0.00,,0.00,0.00,0.00,,0.00,0.00,0.00,0.00,,0,0,0.00,,0.00,0.00,0.00,0.00
'02:33:48.920,0.00,,0.00,0.00,0.00,,0.00,0.00,0.00,0.00,,0,0,0.00,,0.00,0.00,0.00,0.00
'02:33:49.989,0.00,,0.00,0.00,0.00,,0.00,0.00,0.00,0.00,,0,0,0.00,,0.00,0.00,0.00,0.00
'02:33:50.960,0.00,,0.00,0.00,0.00,,0.00,0.00,0.00,0.00,,0,0,0.00,,0.00,0.00,0.00,0.00
'02:33:51.908,0.00,,0.00,0.00,0.00,,0.00,0.00,0.00,0.00,,0,0,0.00,,0.00,0.00,0.00,0.00
'02:33:52.947,0.00,,0.00,0.00,0.00,,0.00,0.00,0.00,0.00,,0,0,0.00,,0.00,0.00,0.00,0.00
'02:33:53.932,0.00,,0.00,0.00,0.00,,0.00,0.00,0.00,0.00,,0,0,0.00,,0.00,0.00,0.00,0.00
'02:33:54.964,0.00,,0.00,0.00,0.00,,0.00,0.00,0.00,0.00,,0,0,0.00,,0.00,0.00,0.00,0.00
'02:33:55.928,0.00,,0.00,0.00,0.00,,0.00,0.00,0.00,0.00,,0,0,0.00,,0.00,0.00,0.00,0.00
'02:33:56.945,0.00,,0.00,0.00,0.00,,0.00,0.00,0.00,0.00,,0,0,0.00,,0.00,0.00,0.00,0.00
'02:33:57.952,0.00,,0.00,0.00,0.00,,0.00,0.00,0.00,0.00,,0,0,0.00,,0.00,0.00,0.00,0.00
'02:33:58.974,0.00,,0.00,0.00,0.00,,0.00,0.00,0.00,0.00,,0,0,0.00,,0.00,0.00,0.00,0.00
'02:33:59.931,0.00,,0.00,0.00,0.00,,0.00,0.00,0.00,0.00,,0,0,0.00,,0.00,0.00,0.00,0.00
'02:34:00.960,0.00,,0.00,0.00,0.00,,0.00,0.00,0.00,0.00,,0,0,0.00,,0.00,0.00,0.00,0.00
'02:34:01.919,0.00,,0.00,0.00,0.00,,0.00,0.00,0.00,0.00,,0,0,0.00,,0.00,0.00,0.00,0.00
'02:34:02.936,0.00,,0.00,0.00,0.00,,0.00,0.00,0.00,0.00,,0,0,0.00,,0.00,0.00,0.00,0.00
'02:34:03.961,0.00,,0.00,0.00,0.00,,0.00,0.00,0.00,0.00,,0,0,0.00,,0.00,0.00,0.00,0.00
'02:34:04.937,0.00,,0.00,0.00,0.00,,0.00,0.00,0.00,0.00,,0,0,0.00,,0.00,0.00,0.00,0.00
'02:34:06.059,0.00,,0.00,0.00,0.00,,0.00,0.00,0.00,0.00,,0,0,0.00,,0.00,0.00,0.00,0.00
'02:34:06.952,0.00,,0.00,0.00,0.00,,0.00,0.00,0.00,0.00,,0,0,0.00,,0.00,0.00,0.00,0.00
'02:34:07.952,0.00,,0.00,0.00,0.00,,0.00,0.00,0.00,0.00,,0,0,0.00,,0.00,0.00,0.00,0.00
'02:34:08.930,0.00,,0.00,0.00,0.00,,0.00,0.00,0.00,0.00,,0,0,0.00,,0.00,0.00,0.00,0.00
'02:34:09.948,0.00,,0.00,0.00,0.00,,0.00,0.00,0.00,0.00,,0,0,0.00,,0.00,0.00,0.00,0.00
'02:34:10.949,0.00,,0.00,0.00,0.00,,0.00,0.00,0.00,0.00,,0,0,0.00,,0.00,0.00,0.00,0.00
'02:34:11.931,0.00,,0.00,0.00,0.00,,0.00,0.00,0.00,0.00,,0,0,0.00,,0.00,0.00,0.00,0.00
'02:34:12.960,0.00,,0.00,0.00,0.00,,0.00,0.00,0.00,0.00,,0,0,0.00,,0.00,0.00,0.00,0.00
'02:34:13.940,0.00,,0.00,0.00,0.00,,0.00,0.00,0.00,0.00,,0,0,0.00,,0.00,0.00,0.00,0.00
'02:34:14.997,0.00,,0.00,0.00,0.00,,0.00,0.00,0.00,0.00,,0,0,0.00,,0.00,0.00,0.00,0.00
'02:34:15.939,0.00,,0.00,0.00,0.00,,0.00,0.00,0.00,0.00,,0,0,0.00,,0.00,0.00,0.00,0.00
'02:34:16.959,0.00,,0.00,0.00,0.00,,0.00,0.00,0.00,0.00,,0,0,0.00,,0.00,0.00,0.00,0.00
'02:34:17.934,0.00,,0.00,0.00,0.00,,0.00,0.00,0.00,0.00,,0,0,0.00,,0.00,0.00,0.00,0.00
'02:34:18.937,0.00,,0.00,0.00,0.00,,0.00,0.00,0.00,0.00,,0,0,0.00,,0.00,0.00,0.00,0.00
'02:34:19.966,0.00,,0.00,0.00,0.00,,0.00,0.00,0.00,0.00,,0,0,0.00,,0.00,0.00,0.00,0.00
'02:34:20.944,0.00,,0.00,0.00,0.00,,0.00,0.00,0.00,0.00,,0,0,0.00,,0.00,0.00,0.00,0.00
'02:34:21.961,0.00,,0.00,0.00,0.00,,0.00,0.00,0.00,0.00,,0,0,0.00,,0.00,0.00,0.00,0.00
'02:34:22.934,0.00,,0.00,0.00,0.00,,0.00,0.00,0.00,0.00,,0,0,0.00,,0.00,0.00,0.00,0.00
'02:34:23.997,0.00,,0.00,0.00,0.00,,0.00,0.00,0.00,0.00,,0,0,0.00,,0.00,0.00,0.00,0.00
'02:34:24.937,0.00,,0.00,0.00,0.00,,0.00,0.00,0.00,0.00,,0,0,0.00,,0.00,0.00,0.00,0.00
'02:34:25.938,0.00,,0.00,0.00,0.00,,0.00,0.00,0.00,0.00,,0,0,0.00,,0.00,0.00,0.00,0.00
'02:34:26.961,0.00,,0.00,0.00,0.00,,0.00,0.00,0.00,0.00,,0,0,0.00,,0.00,0.00,0.00,0.00
'02:34:27.966,0.00,,0.00,0.00,0.00,,0.00,0.00,0.00,0.00,,0,0,0.00,,0.00,0.00,0.00,0.00
'02:34:28.949,0.00,,0.00,0.00,0.00,,0.00,0.00,0.00,0.00,,0,0,0.00,,0.00,0.00,0.00,0.00
'02:34:29.960,0.00,,0.00,0.00,0.00,,0.00,0.00,0.00,0.00,,0,0,0.00,,0.00,0.00,0.00,0.00
'02:34:30.994,0.00,,0.00,0.00,0.00,,0.00,0.00,0.00,0.00,,0,0,0.00,,0.00,0.00,0.00,0.00
'02:34:31.970,0.00,,0.00,0.00,0.00,,0.00,0.00,0.00,0.00,,0,0,0.00,,0.00,0.00,0.00,0.00
'02:34:32.983,0.00,,0.00,0.00,0.00,,0.00,0.00,0.00,0.00,,0,0,0.00,,0.00,0.00,0.00,0.00
'02:34:33.941,0.00,,0.00,0.00,0.00,,0.00,0.00,0.00,0.00,,0,0,0.00,,0.00,0.00,0.00,0.00
'02:34:34.955,0.00,,0.00,0.00,0.00,,0.00,0.00,0.00,0.00,,0,0,0.00,,0.00,0.00,0.00,0.00
'02:34:36.019,0.00,,0.00,0.00,0.00,,0.00,0.00,0.00,0.00,,0,0,0.00,,0.00,0.00,0.00,0.00
'02:34:36.956,0.00,,0.00,0.00,0.00,,0.00,0.00,0.00,0.00,,0,0,0.00,,0.00,0.00,0.00,0.00
'02:34:37.999,0.00,,0.00,0.00,0.00,,0.00,0.00,0.00,0.00,,0,0,0.00,,0.00,0.00,0.00,0.00
'02:34:38.954,0.00,,0.00,0.00,0.00,,0.00,0.00,0.00,0.00,,0,0,0.00,,0.00,0.00,0.00,0.00
'02:34:39.993,0.00,,0.00,0.00,0.00,,0.00,0.00,0.00,0.00,,0,0,0.00,,0.00,0.00,0.00,0.00
'02:34:40.961,0.00,,0.00,0.00,0.00,,0.00,0.00,0.00,0.00,,0,0,0.00,,0.00,0.00,0.00,0.00
'02:34:41.956,0.00,,0.00,0.00,0.00,,0.00,0.00,0.00,0.00,,0,0,0.00,,0.00,0.00,0.00,0.00
'02:34:42.953,0.00,,0.00,0.00,0.00,,0.00,0.00,0.00,0.00,,0,0,0.00,,0.00,0.00,0.00,0.00
'02:34:43.951,0.00,,0.00,0.00,0.00,,0.00,0.00,0.00,0.00,,0,0,0.00,,0.00,0.00,0.00,0.00
'02:34:44.973,0.00,,0.00,0.00,0.00,,0.00,0.00,0.00,0.00,,0,0,0.00,,0.00,0.00,0.00,0.00
'02:34:45.960,0.00,,0.00,0.00,0.00,,0.00,0.00,0.00,0.00,,0,0,0.00,,0.00,0.00,0.00,0.00
'02:34:47.019,0.00,,0.00,0.00,0.00,,0.00,0.00,0.00,0.00,,0,0,0.00,,0.00,0.00,0.00,0.00
'02:34:47.950,0.00,,0.00,0.00,0.00,,0.00,0.00,0.00,0.00,,0,0,0.00,,0.00,0.00,0.00,0.00
'02:34:49.036,0.00,,0.00,0.00,0.00,,0.00,0.00,0.00,0.00,,0,0,0.00,,0.00,0.00,0.00,0.00
'02:34:49.960,0.00,,0.00,0.00,0.00,,0.00,0.00,0.00,0.00,,0,0,0.00,,0.00,0.00,0.00,0.00
'02:34:50.956,0.00,,0.00,0.00,0.00,,0.00,0.00,0.00,0.00,,0,0,0.00,,0.00,0.00,0.00,0.00
'02:34:51.949,0.00,,0.00,0.00,0.00,,0.00,0.00,0.00,0.00,,0,0,0.00,,0.00,0.00,0.00,0.00
'02:34:52.975,0.00,,0.00,0.00,0.00,,0.00,0.00,0.00,0.00,,0,0,0.00,,0.00,0.00,0.00,0.00
'02:34:53.975,0.00,,0.00,0.00,0.00,,0.00,0.00,0.00,0.00,,0,0,0.00,,0.00,0.00,0.00,0.00
'02:34:55.015,0.00,,0.00,0.00,0.00,,0.00,0.00,0.00,0.00,,0,0,0.00,,0.00,0.00,0.00,0.00
'02:34:56.007,0.00,,0.00,0.00,0.00,,0.00,0.00,0.00,0.00,,0,0,0.00,,0.00,0.00,0.00,0.00
'02:34:56.957,0.00,,0.00,0.00,0.00,,0.00,0.00,0.00,0.00,,0,0,0.00,,0.00,0.00,0.00,0.00
'02:34:57.984,0.00,,0.00,0.00,0.00,,0.00,0.00,0.00,0.00,,0,0,0.00,,0.00,0.00,0.00,0.00
'02:34:59.045,0.00,,0.00,0.00,0.00,,0.00,0.00,0.00,0.00,,0,0,0.00,,0.00,0.00,0.00,0.00
'02:34:59.954,0.00,,0.00,0.00,0.00,,0.00,0.00,0.00,0.00,,0,0,0.00,,0.00,0.00,0.00,0.00
'02:35:00.958,0.00,,0.00,0.00,0.00,,0.00,0.00,0.00,0.00,,0,0,0.00,,0.00,0.00,0.00,0.00
'02:35:02.000,0.00,,0.00,0.00,0.00,,0.00,0.00,0.00,0.00,,0,0,0.00,,0.00,0.00,0.00,0.00
'02:35:02.994,0.00,,0.00,0.00,0.00,,0.00,0.00,0.00,0.00,,0,0,0.00,,0.00,0.00,0.00,0.00
'02:35:04.011,0.00,,0.00,0.00,0.00,,0.00,0.00,0.00,0.00,,0,0,0.00,,0.00,0.00,0.00,0.00
'02:35:04.998,0.00,,0.00,0.00,0.00,,0.00,0.00,0.00,0.00,,0,0,0.00,,0.00,0.00,0.00,0.00
'02:35:05.957,0.00,,0.00,0.00,0.00,,0.00,0.00,0.00,0.00,,0,0,0.00,,0.00,0.00,0.00,0.00
'02:35:06.959,0.00,,0.00,0.00,0.00,,0.00,0.00,0.00,0.00,,0,0,0.00,,0.00,0.00,0.00,0.00
'02:35:07.945,0.00,,0.00,0.00,0.00,,0.00,0.00,0.00,0.00,,0,0,0.00,,0.00,0.00,0.00,0.00
'02:35:08.952,0.00,,0.00,0.00,0.00,,0.00,0.00,0.00,0.00,,0,0,0.00,,0.00,0.00,0.00,0.00
'02:35:09.978,0.00,,0.00,0.00,0.00,,0.00,0.00,0.00,0.00,,0,0,0.00,,0.00,0.00,0.00,0.00
'02:35:10.949,0.00,,0.00,0.00,0.00,,0.00,0.00,0.00,0.00,,0,0,0.00,,0.00,0.00,0.00,0.00
'02:35:12.027,0.00,,0.00,0.00,0.00,,0.00,0.00,0.00,0.00,,0,0,0.00,,0.00,0.00,0.00,0.00
'02:35:12.959,0.00,,0.00,0.00,0.00,,0.00,0.00,0.00,0.00,,0,0,0.00,,0.00,0.00,0.00,0.00
'02:35:13.971,0.00,,0.00,0.00,0.00,,0.00,0.00,0.00,0.00,,0,0,0.00,,0.00,0.00,0.00,0.00
'02:35:14.962,0.00,,0.00,0.00,0.00,,0.00,0.00,0.00,0.00,,0,0,0.00,,0.00,0.00,0.00,0.00
'02:35:15.976,0.00,,0.00,0.00,0.00,,0.00,0.00,0.00,0.00,,0,0,0.00,,0.00,0.00,0.00,0.00
'02:35:16.978,0.00,,0.00,0.00,0.00,,0.00,0.00,0.00,0.00,,0,0,0.00,,0.00,0.00,0.00,0.00
'02:35:17.990,0.00,,0.00,0.00,0.00,,0.00,0.00,0.00,0.00,,0,0,0.00,,0.00,0.00,0.00,0.00
'02:35:19.024,0.00,,0.00,0.00,0.00,,0.00,0.00,0.00,0.00,,0,0,0.00,,0.00,0.00,0.00,0.00
'02:35:19.998,0.00,,0.00,0.00,0.00,,0.00,0.00,0.00,0.00,,0,0,0.00,,0.00,0.00,0.00,0.00
'02:35:21.066,0.00,,0.00,0.00,0.00,,0.00,0.00,0.00,0.00,,0,0,0.00,,0.00,0.00,0.00,0.00
'02:35:21.955,0.00,,0.00,0.00,0.00,,0.00,0.00,0.00,0.00,,0,0,0.00,,0.00,0.00,0.00,0.00
'02:35:22.965,0.00,,0.00,0.00,0.00,,0.00,0.00,0.00,0.00,,0,0,0.00,,0.00,0.00,0.00,0.00
'02:35:23.974,0.00,,0.00,0.00,0.00,,0.00,0.00,0.00,0.00,,0,0,0.00,,0.00,0.00,0.00,0.00
'02:35:24.957,0.00,,0.00,0.00,0.00,,0.00,0.00,0.00,0.00,,0,0,0.00,,0.00,0.00,0.00,0.00
'02:35:25.955,0.00,,0.00,0.00,0.00,,0.00,0.00,0.00,0.00,,0,0,0.00,,0.00,0.00,0.00,0.00
'02:35:26.975,0.00,,0.00,0.00,0.00,,0.00,0.00,0.00,0.00,,0,0,0.00,,0.00,0.00,0.00,0.00
'02:35:28.041,0.00,,0.00,0.00,0.00,,0.00,0.00,0.00,0.00,,0,0,0.00,,0.00,0.00,0.00,0.00
'02:35:28.987,0.00,,0.00,0.00,0.00,,0.00,0.00,0.00,0.00,,0,0,0.00,,0.00,0.00,0.00,0.00
'02:35:29.999,0.00,,0.00,0.00,0.00,,0.00,0.00,0.00,0.00,,0,0,0.00,,0.00,0.00,0.00,0.00
'02:35:31.011,0.00,,0.00,0.00,0.00,,0.00,0.00,0.00,0.00,,0,0,0.00,,0.00,0.00,0.00,0.00
'02:35:31.959,0.00,,0.00,0.00,0.00,,0.00,0.00,0.00,0.00,,0,0,0.00,,0.00,0.00,0.00,0.00
'02:35:32.986,0.00,,0.00,0.00,0.00,,0.00,0.00,0.00,0.00,,0,0,0.00,,0.00,0.00,0.00,0.00
'02:35:33.978,0.00,,0.00,0.00,0.00,,0.00,0.00,0.00,0.00,,0,0,0.00,,0.00,0.00,0.00,0.00
'02:35:35.017,0.00,,0.00,0.00,0.00,,0.00,0.00,0.00,0.00,,0,0,0.00,,0.00,0.00,0.00,0.00
'02:35:35.976,0.00,,0.00,0.00,0.00,,0.00,0.00,0.00,0.00,,0,0,0.00,,0.00,0.00,0.00,0.00
'02:35:37.081,0.00,,0.00,0.00,0.00,,0.00,0.00,0.00,0.00,,0,0,0.00,,0.00,0.00,0.00,0.00
'02:35:37.977,0.00,,0.00,0.00,0.00,,0.00,0.00,0.00,0.00,,0,0,0.00,,0.00,0.00,0.00,0.00
'02:35:39.023,0.00,,0.00,0.00,0.00,,0.00,0.00,0.00,0.00,,0,0,0.00,,0.00,0.00,0.00,0.00
'02:35:39.976,0.00,,0.00,0.00,0.00,,0.00,0.00,0.00,0.00,,0,0,0.00,,0.00,0.00,0.00,0.00
'02:35:40.972,0.00,,0.00,0.00,0.00,,0.00,0.00,0.00,0.00,,0,0,0.00,,0.00,0.00,0.00,0.00
'02:35:41.974,0.00,,0.00,0.00,0.00,,0.00,0.00,0.00,0.00,,0,0,0.00,,0.00,0.00,0.00,0.00
'02:35:42.986,0.00,,0.00,0.00,0.00,,0.00,0.00,0.00,0.00,,0,0,0.00,,0.00,0.00,0.00,0.00
'02:35:43.995,0.00,,0.00,0.00,0.00,,0.00,0.00,0.00,0.00,,0,0,0.00,,0.00,0.00,0.00,0.00
'02:35:44.980,0.00,,0.00,0.00,0.00,,0.00,0.00,0.00,0.00,,0,0,0.00,,0.00,0.00,0.00,0.00
'02:35:46.020,0.00,,0.00,0.00,0.00,,0.00,0.00,0.00,0.00,,0,0,0.00,,0.00,0.00,0.00,0.00
'02:35:47.030,0.00,,0.00,0.00,0.00,,0.00,0.00,0.00,0.00,,0,0,0.00,,0.00,0.00,0.00,0.00
'02:35:47.982,0.00,,0.00,0.00,0.00,,0.00,0.00,0.00,0.00,,0,0,0.00,,0.00,0.00,0.00,0.00
'02:35:48.996,0.00,,0.00,0.00,0.00,,0.00,0.00,0.00,0.00,,0,0,0.00,,0.00,0.00,0.00,0.00
'02:35:50.007,0.00,,0.00,0.00,0.00,,0.00,0.00,0.00,0.00,,0,0,0.00,,0.00,0.00,0.00,0.00
'02:35:51.043,0.00,,0.00,0.00,0.00,,0.00,0.00,0.00,0.00,,0,0,0.00,,0.00,0.00,0.00,0.00
'02:35:51.972,0.00,,0.00,0.00,0.00,,0.00,0.00,0.00,0.00,,0,0,0.00,,0.00,0.00,0.00,0.00
'02:35:53.044,0.00,,0.00,0.00,0.00,,0.00,0.00,0.00,0.00,,0,0,0.00,,0.00,0.00,0.00,0.00
'02:35:53.983,0.00,,0.00,0.00,0.00,,0.00,0.00,0.00,0.00,,0,0,0.00,,0.00,0.00,0.00,0.00
'02:35:54.979,0.00,,0.00,0.00,0.00,,0.00,0.00,0.00,0.00,,0,0,0.00,,0.00,0.00,0.00,0.00
'02:35:56.001,0.00,,0.00,0.00,0.00,,0.00,0.00,0.00,0.00,,0,0,0.00,,0.00,0.00,0.00,0.00
'02:35:57.005,0.00,,0.00,0.00,0.00,,0.00,0.00,0.00,0.00,,0,0,0.00,,0.00,0.00,0.00,0.00
'02:35:57.999,0.00,,0.00,0.00,0.00,,0.00,0.00,0.00,0.00,,0,0,0.00,,0.00,0.00,0.00,0.00
'02:35:58.977,0.00,,0.00,0.00,0.00,,0.00,0.00,0.00,0.00,,0,0,0.00,,0.00,0.00,0.00,0.00
'02:36:00.056,0.00,,0.00,0.00,0.00,,0.00,0.00,0.00,0.00,,0,0,0.00,,0.00,0.00,0.00,0.00
'02:36:01.015,0.00,,0.00,0.00,0.00,,0.00,0.00,0.00,0.00,,0,0,0.00,,0.00,0.00,0.00,0.00
'02:36:02.005,0.00,,0.00,0.00,0.00,,0.00,0.00,0.00,0.00,,0,0,0.00,,0.00,0.00,0.00,0.00
'02:36:03.021,0.00,,0.00,0.00,0.00,,0.00,0.00,0.00,0.00,,0,0,0.00,,0.00,0.00,0.00,0.00
'02:36:03.996,0.00,,0.00,0.00,0.00,,0.00,0.00,0.00,0.00,,0,0,0.00,,0.00,0.00,0.00,0.00
'02:36:04.992,0.00,,0.00,0.00,0.00,,0.00,0.00,0.00,0.00,,0,0,0.00,,0.00,0.00,0.00,0.00
'02:36:06.063,0.00,,0.00,0.00,0.00,,0.00,0.00,0.00,0.00,,0,0,0.00,,0.00,0.00,0.00,0.00
'02:36:07.001,0.00,,0.00,0.00,0.00,,0.00,0.00,0.00,0.00,,0,0,0.00,,0.00,0.00,0.00,0.00
'02:36:08.000,0.00,,0.00,0.00,0.00,,0.00,0.00,0.00,0.00,,0,0,0.00,,0.00,0.00,0.00,0.00
'02:36:09.070,0.00,,0.00,0.00,0.00,,0.00,0.00,0.00,0.00,,0,0,0.00,,0.00,0.00,0.00,0.00
'02:36:10.004,0.00,,0.00,0.00,0.00,,0.00,0.00,0.00,0.00,,0,0,0.00,,0.00,0.00,0.00,0.00
'02:36:11.001,0.00,,0.00,0.00,0.00,,0.00,0.00,0.00,0.00,,0,0,0.00,,0.00,0.00,0.00,0.00
'02:36:12.001,0.00,,0.00,0.00,0.00,,0.00,0.00,0.00,0.00,,0,0,0.00,,0.00,0.00,0.00,0.00
'02:36:12.991,0.00,,0.00,0.00,0.00,,0.00,0.00,0.00,0.00,,0,0,0.00,,0.00,0.00,0.00,0.00
'02:36:14.024,0.00,,0.00,0.00,0.00,,0.00,0.00,0.00,0.00,,0,0,0.00,,0.00,0.00,0.00,0.00
'02:36:14.992,0.00,,0.00,0.00,0.00,,0.00,0.00,0.00,0.00,,0,0,0.00,,0.00,0.00,0.00,0.00
'02:36:16.005,0.00,,0.00,0.00,0.00,,0.00,0.00,0.00,0.00,,0,0,0.00,,0.00,0.00,0.00,0.00
'02:36:17.024,0.00,,0.00,0.00,0.00,,0.00,0.00,0.00,0.00,,0,0,0.00,,0.00,0.00,0.00,0.00
'02:36:18.005,0.00,,0.00,0.00,0.00,,0.00,0.00,0.00,0.00,,0,0,0.00,,0.00,0.00,0.00,0.00
'02:36:19.041,0.00,,0.00,0.00,0.00,,0.00,0.00,0.00,0.00,,0,0,0.00,,0.00,0.00,0.00,0.00
'02:36:19.990,0.00,,0.00,0.00,0.00,,0.00,0.00,0.00,0.00,,0,0,0.00,,0.00,0.00,0.00,0.00
'02:36:21.040,0.00,,0.00,0.00,0.00,,0.00,0.00,0.00,0.00,,0,0,0.00,,0.00,0.00,0.00,0.00
'02:36:21.993,0.00,,0.00,0.00,0.00,,0.00,0.00,0.00,0.00,,0,0,0.00,,0.00,0.00,0.00,0.00
'02:36:23.043,0.00,,0.00,0.00,0.00,,0.00,0.00,0.00,0.00,,0,0,0.00,,0.00,0.00,0.00,0.00
'02:36:23.991,0.00,,0.00,0.00,0.00,,0.00,0.00,0.00,0.00,,0,0,0.00,,0.00,0.00,0.00,0.00
'02:36:25.027,0.00,,0.00,0.00,0.00,,0.00,0.00,0.00,0.00,,0,0,0.00,,0.00,0.00,0.00,0.00
'02:36:26.007,0.00,,0.00,0.00,0.00,,0.00,0.00,0.00,0.00,,0,0,0.00,,0.00,0.00,0.00,0.00
'02:36:27.005,0.00,,0.00,0.00,0.00,,0.00,0.00,0.00,0.00,,0,0,0.00,,0.00,0.00,0.00,0.00
'02:36:28.008,0.00,,0.00,0.00,0.00,,0.00,0.00,0.00,0.00,,0,0,0.00,,0.00,0.00,0.00,0.00
'02:36:28.991,0.00,,0.00,0.00,0.00,,0.00,0.00,0.00,0.00,,0,0,0.00,,0.00,0.00,0.00,0.00
'02:36:30.035,0.00,,0.00,0.00,0.00,,0.00,0.00,0.00,0.00,,0,0,0.00,,0.00,0.00,0.00,0.00
'02:36:30.998,0.00,,0.00,0.00,0.00,,0.00,0.00,0.00,0.00,,0,0,0.00,,0.00,0.00,0.00,0.00
'02:36:32.091,0.00,,0.00,0.00,0.00,,0.00,0.00,0.00,0.00,,0,0,0.00,,0.00,0.00,0.00,0.00
'02:36:33.024,0.00,,0.00,0.00,0.00,,0.00,0.00,0.00,0.00,,0,0,0.00,,0.00,0.00,0.00,0.00
'02:36:34.038,0.00,,0.00,0.00,0.00,,0.00,0.00,0.00,0.00,,0,0,0.00,,0.00,0.00,0.00,0.00
'02:36:35.023,0.00,,0.00,0.00,0.00,,0.00,0.00,0.00,0.00,,0,0,0.00,,0.00,0.00,0.00,0.00
'02:36:35.995,0.00,,0.00,0.00,0.00,,0.00,0.00,0.00,0.00,,0,0,0.00,,0.00,0.00,0.00,0.00
'02:36:37.033,0.00,,0.00,0.00,0.00,,0.00,0.00,0.00,0.00,,0,0,0.00,,0.00,0.00,0.00,0.00
'02:36:37.996,0.00,,0.00,0.00,0.00,,0.00,0.00,0.00,0.00,,0,0,0.00,,0.00,0.00,0.00,0.00
'02:36:39.048,0.00,,0.00,0.00,0.00,,0.00,0.00,0.00,0.00,,0,0,0.00,,0.00,0.00,0.00,0.00
'02:36:40.010,0.00,,0.00,0.00,0.00,,0.00,0.00,0.00,0.00,,0,0,0.00,,0.00,0.00,0.00,0.00
'02:36:41.014,0.00,,0.00,0.00,0.00,,0.00,0.00,0.00,0.00,,0,0,0.00,,0.00,0.00,0.00,0.00
'02:36:42.023,0.00,,0.00,0.00,0.00,,0.00,0.00,0.00,0.00,,0,0,0.00,,0.00,0.00,0.00,0.00
'02:36:43.034,0.00,,0.00,0.00,0.00,,0.00,0.00,0.00,0.00,,0,0,0.00,,0.00,0.00,0.00,0.00
'02:36:44.064,0.00,,0.00,0.00,0.00,,0.00,0.00,0.00,0.00,,0,0,0.00,,0.00,0.00,0.00,0.00
'02:36:45.012,0.00,,0.00,0.00,0.00,,0.00,0.00,0.00,0.00,,0,0,0.00,,0.00,0.00,0.00,0.00
'02:36:46.027,0.00,,0.00,0.00,0.00,,0.00,0.00,0.00,0.00,,0,0,0.00,,0.00,0.00,0.00,0.00
'02:36:47.026,0.00,,0.00,0.00,0.00,,0.00,0.00,0.00,0.00,,0,0,0.00,,0.00,0.00,0.00,0.00
'02:36:48.109,0.00,,0.00,0.00,0.00,,0.00,0.00,0.00,0.00,,0,0,0.00,,0.00,0.00,0.00,0.00
'02:36:49.036,0.00,,0.00,0.00,0.00,,0.00,0.00,0.00,0.00,,0,0,0.00,,0.00,0.00,0.00,0.00
'02:36:50.023,0.00,,0.00,0.00,0.00,,0.00,0.00,0.00,0.00,,0,0,0.00,,0.00,0.00,0.00,0.00
'02:36:51.029,0.00,,0.00,0.00,0.00,,0.00,0.00,0.00,0.00,,0,0,0.00,,0.00,0.00,0.00,0.00
'02:36:52.061,0.00,,0.00,0.00,0.00,,0.00,0.00,0.00,0.00,,0,0,0.00,,0.00,0.00,0.00,0.00
'02:36:53.041,0.00,,0.00,0.00,0.00,,0.00,0.00,0.00,0.00,,0,0,0.00,,0.00,0.00,0.00,0.00
'02:36:54.023,0.00,,0.00,0.00,0.00,,0.00,0.00,0.00,0.00,,0,0,0.00,,0.00,0.00,0.00,0.00
'02:36:55.071,0.00,,0.00,0.00,0.00,,0.00,0.00,0.00,0.00,,0,0,0.00,,0.00,0.00,0.00,0.00
'02:36:56.051,0.00,,0.00,0.00,0.00,,0.00,0.00,0.00,0.00,,0,0,0.00,,0.00,0.00,0.00,0.00
'02:36:57.088,0.00,,0.00,0.00,0.00,,0.00,0.00,0.00,0.00,,0,0,0.00,,0.00,0.00,0.00,0.00
'02:36:58.045,0.00,,0.00,0.00,0.00,,0.00,0.00,0.00,0.00,,0,0,0.00,,0.00,0.00,0.00,0.00
'02:36:59.030,0.00,,0.00,0.00,0.00,,0.00,0.00,0.00,0.00,,0,0,0.00,,0.00,0.00,0.00,0.00
'02:37:00.070,0.00,,0.00,0.00,0.00,,0.00,0.00,0.00,0.00,,0,0,0.00,,0.00,0.00,0.00,0.00
'02:37:01.013,0.00,,0.00,0.00,0.00,,0.00,0.00,0.00,0.00,,0,0,0.00,,0.00,0.00,0.00,0.00
'02:37:02.036,0.00,,0.00,0.00,0.00,,0.00,0.00,0.00,0.00,,0,0,0.00,,0.00,0.00,0.00,0.00
'02:37:03.035,0.00,,0.00,0.00,0.00,,0.00,0.00,0.00,0.00,,0,0,0.00,,0.00,0.00,0.00,0.00
'02:37:04.114,0.00,,0.00,0.00,0.00,,0.00,0.00,0.00,0.00,,0,0,0.00,,0.00,0.00,0.00,0.00
'02:37:05.067,0.00,,0.00,0.00,0.00,,0.00,0.00,0.00,0.00,,0,0,0.00,,0.00,0.00,0.00,0.00
'02:37:06.053,0.00,,0.00,0.00,0.00,,0.00,0.00,0.00,0.00,,0,0,0.00,,0.00,0.00,0.00,0.00
'02:37:07.034,0.00,,0.00,0.00,0.00,,0.00,0.00,0.00,0.00,,0,0,0.00,,0.00,0.00,0.00,0.00
'02:37:08.084,0.00,,0.00,0.00,0.00,,0.00,0.00,0.00,0.00,,0,0,0.00,,0.00,0.00,0.00,0.00
'02:37:09.039,0.00,,0.00,0.00,0.00,,0.00,0.00,0.00,0.00,,0,0,0.00,,0.00,0.00,0.00,0.00
'02:37:10.054,0.00,,0.00,0.00,0.00,,0.00,0.00,0.00,0.00,,0,0,0.00,,0.00,0.00,0.00,0.00
'02:37:11.097,0.00,,0.00,0.00,0.00,,0.00,0.00,0.00,0.00,,0,0,0.00,,0.00,0.00,0.00,0.00
'02:37:12.045,0.00,,0.00,0.00,0.00,,0.00,0.00,0.00,0.00,,0,0,0.00,,0.00,0.00,0.00,0.00
'02:37:13.079,0.00,,0.00,0.00,0.00,,0.00,0.00,0.00,0.00,,0,0,0.00,,0.00,0.00,0.00,0.00
'02:37:14.056,0.00,,0.00,0.00,0.00,,0.00,0.00,0.00,0.00,,0,0,0.00,,0.00,0.00,0.00,0.00
'02:37:15.051,0.00,,0.00,0.00,0.00,,0.00,0.00,0.00,0.00,,0,0,0.00,,0.00,0.00,0.00,0.00
'02:37:16.063,0.00,,0.00,0.00,0.00,,0.00,0.00,0.00,0.00,,0,0,0.00,,0.00,0.00,0.00,0.00
'02:37:17.061,0.00,,0.00,0.00,0.00,,0.00,0.00,0.00,0.00,,0,0,0.00,,0.00,0.00,0.00,0.00
'02:37:18.090,0.00,,0.00,0.00,0.00,,0.00,0.00,0.00,0.00,,0,0,0.00,,0.00,0.00,0.00,0.00
'02:37:19.055,0.00,,0.00,0.00,0.00,,0.00,0.00,0.00,0.00,,0,0,0.00,,0.00,0.00,0.00,0.00
'02:37:20.100,0.00,,0.00,0.00,0.00,,0.00,0.00,0.00,0.00,,0,0,0.00,,0.00,0.00,0.00,0.00
'02:37:21.103,0.00,,0.00,0.00,0.00,,0.00,0.00,0.00,0.00,,0,0,0.00,,0.00,0.00,0.00,0.00
'02:37:22.036,0.00,,0.00,0.00,0.00,,0.00,0.00,0.00,0.00,,0,0,0.00,,0.00,0.00,0.00,0.00
'02:37:23.094,0.00,,0.00,0.00,0.00,,0.00,0.00,0.00,0.00,,0,0,0.00,,0.00,0.00,0.00,0.00
'02:37:24.034,0.00,,0.00,0.00,0.00,,0.00,0.00,0.00,0.00,,0,0,0.00,,0.00,0.00,0.00,0.00
'02:37:25.087,0.00,,0.00,0.00,0.00,,0.00,0.00,0.00,0.00,,0,0,0.00,,0.00,0.00,0.00,0.00
'02:37:26.050,0.00,,0.00,0.00,0.00,,0.00,0.00,0.00,0.00,,0,0,0.00,,0.00,0.00,0.00,0.00
'02:37:27.128,0.00,,0.00,0.00,0.00,,0.00,0.00,0.00,0.00,,0,0,0.00,,0.00,0.00,0.00,0.00
'02:37:28.069,0.00,,0.00,0.00,0.00,,0.00,0.00,0.00,0.00,,0,0,0.00,,0.00,0.00,0.00,0.00
'02:37:29.137,0.00,,0.00,0.00,0.00,,0.00,0.00,0.00,0.00,,0,0,0.00,,0.00,0.00,0.00,0.00
'02:37:30.037,0.00,,0.00,0.00,0.00,,0.00,0.00,0.00,0.00,,0,0,0.00,,0.00,0.00,0.00,0.00
'02:37:31.073,0.00,,0.00,0.00,0.00,,0.00,0.00,0.00,0.00,,0,0,0.00,,0.00,0.00,0.00,0.00
'02:37:32.033,0.00,,0.00,0.00,0.00,,0.00,0.00,0.00,0.00,,0,0,0.00,,0.00,0.00,0.00,0.00
'02:37:33.044,0.00,,0.00,0.00,0.00,,0.00,0.00,0.00,0.00,,0,0,0.00,,0.00,0.00,0.00,0.00
'02:37:34.085,0.00,,0.00,0.00,0.00,,0.00,0.00,0.00,0.00,,0,0,0.00,,0.00,0.00,0.00,0.00
'02:37:35.032,0.00,,0.00,0.00,0.00,,0.00,0.00,0.00,0.00,,0,0,0.00,,0.00,0.00,0.00,0.00
'02:37:36.139,0.00,,0.00,0.00,0.00,,0.00,0.00,0.00,0.00,,0,0,0.00,,0.00,0.00,0.00,0.00
'02:37:37.054,0.00,,0.00,0.00,0.00,,0.00,0.00,0.00,0.00,,0,0,0.00,,0.00,0.00,0.00,0.00
'02:37:38.127,0.00,,0.00,0.00,0.00,,0.00,0.00,0.00,0.00,,0,0,0.00,,0.00,0.00,0.00,0.00
'02:37:39.078,0.00,,0.00,0.00,0.00,,0.00,0.00,0.00,0.00,,0,0,0.00,,0.00,0.00,0.00,0.00
'02:37:40.057,0.00,,0.00,0.00,0.00,,0.00,0.00,0.00,0.00,,0,0,0.00,,0.00,0.00,0.00,0.00
'02:37:41.083,0.00,,0.00,0.00,0.00,,0.00,0.00,0.00,0.00,,0,0,0.00,,0.00,0.00,0.00,0.00
'02:37:42.063,0.00,,0.00,0.00,0.00,,0.00,0.00,0.00,0.00,,0,0,0.00,,0.00,0.00,0.00,0.00
'02:37:43.083,0.00,,0.00,0.00,0.00,,0.00,0.00,0.00,0.00,,0,0,0.00,,0.00,0.00,0.00,0.00
'02:37:44.067,0.00,,0.00,0.00,0.00,,0.00,0.00,0.00,0.00,,0,0,0.00,,0.00,0.00,0.00,0.00
'02:37:45.115,0.00,,0.00,0.00,0.00,,0.00,0.00,0.00,0.00,,0,0,0.00,,0.00,0.00,0.00,0.00
'02:37:46.059,0.00,,0.00,0.00,0.00,,0.00,0.00,0.00,0.00,,0,0,0.00,,0.00,0.00,0.00,0.00
'02:37:47.052,0.00,,0.00,0.00,0.00,,0.00,0.00,0.00,0.00,,0,0,0.00,,0.00,0.00,0.00,0.00
'02:37:48.085,0.00,,0.00,0.00,0.00,,0.00,0.00,0.00,0.00,,0,0,0.00,,0.00,0.00,0.00,0.00
'02:37:49.058,0.00,,0.00,0.00,0.00,,0.00,0.00,0.00,0.00,,0,0,0.00,,0.00,0.00,0.00,0.00
'02:37:50.095,0.00,,0.00,0.00,0.00,,0.00,0.00,0.00,0.00,,0,0,0.00,,0.00,0.00,0.00,0.00
'02:37:51.069,0.00,,0.00,0.00,0.00,,0.00,0.00,0.00,0.00,,0,0,0.00,,0.00,0.00,0.00,0.00
'02:37:52.117,0.00,,0.00,0.00,0.00,,0.00,0.00,0.00,0.00,,0,0,0.00,,0.00,0.00,0.00,0.00
'02:37:53.093,0.00,,0.00,0.00,0.00,,0.00,0.00,0.00,0.00,,0,0,0.00,,0.00,0.00,0.00,0.00
'02:37:54.079,0.00,,0.00,0.00,0.00,,0.00,0.00,0.00,0.00,,0,0,0.00,,0.00,0.00,0.00,0.00
'02:37:55.072,0.00,,0.00,0.00,0.00,,0.00,0.00,0.00,0.00,,0,0,0.00,,0.00,0.00,0.00,0.00
'02:37:56.060,0.00,,0.00,0.00,0.00,,0.00,0.00,0.00,0.00,,0,0,0.00,,0.00,0.00,0.00,0.00
'02:37:57.069,0.00,,0.00,0.00,0.00,,0.00,0.00,0.00,0.00,,0,0,0.00,,0.00,0.00,0.00,0.00
'02:37:58.149,0.00,,0.00,0.00,0.00,,0.00,0.00,0.00,0.00,,0,0,0.00,,0.00,0.00,0.00,0.00
'02:37:59.063,0.00,,0.00,0.00,0.00,,0.00,0.00,0.00,0.00,,0,0,0.00,,0.00,0.00,0.00,0.00
'02:38:00.097,0.00,,0.00,0.00,0.00,,0.00,0.00,0.00,0.00,,0,0,0.00,,0.00,0.00,0.00,0.00
'02:38:01.134,0.00,,0.00,0.00,0.00,,0.00,0.00,0.00,0.00,,0,0,0.00,,0.00,0.00,0.00,0.00
'02:38:02.106,0.00,,0.00,0.00,0.00,,0.00,0.00,0.00,0.00,,0,0,0.00,,0.00,0.00,0.00,0.00
'02:38:03.097,0.00,,0.00,0.00,0.00,,0.00,0.00,0.00,0.00,,0,0,0.00,,0.00,0.00,0.00,0.00
'02:38:04.101,0.00,,0.00,0.00,0.00,,0.00,0.00,0.00,0.00,,0,0,0.00,,0.00,0.00,0.00,0.00
'02:38:05.083,0.00,,0.00,0.00,0.00,,0.00,0.00,0.00,0.00,,0,0,0.00,,0.00,0.00,0.00,0.00
'02:38:06.090,0.00,,0.00,0.00,0.00,,0.00,0.00,0.00,0.00,,0,0,0.00,,0.00,0.00,0.00,0.00
'02:38:07.123,0.00,,0.00,0.00,0.00,,0.00,0.00,0.00,0.00,,0,0,0.00,,0.00,0.00,0.00,0.00
'02:38:08.165,0.00,,0.00,0.00,0.00,,0.00,0.00,0.00,0.00,,0,0,0.00,,0.00,0.00,0.00,0.00
'02:38:09.083,0.00,,0.00,0.00,0.00,,0.00,0.00,0.00,0.00,,0,0,0.00,,0.00,0.00,0.00,0.00
'02:38:10.092,0.00,,0.00,0.00,0.00,,0.00,0.00,0.00,0.00,,0,0,0.00,,0.00,0.00,0.00,0.00
'02:38:11.106,0.00,,0.00,0.00,0.00,,0.00,0.00,0.00,0.00,,0,0,0.00,,0.00,0.00,0.00,0.00
'02:38:12.093,0.00,,0.00,0.00,0.00,,0.00,0.00,0.00,0.00,,0,0,0.00,,0.00,0.00,0.00,0.00
'02:38:13.114,0.00,,0.00,0.00,0.00,,0.00,0.00,0.00,0.00,,0,0,0.00,,0.00,0.00,0.00,0.00
'02:38:14.093,0.00,,0.00,0.00,0.00,,0.00,0.00,0.00,0.00,,0,0,0.00,,0.00,0.00,0.00,0.00
'02:38:15.153,0.00,,0.00,0.00,0.00,,0.00,0.00,0.00,0.00,,0,0,0.00,,0.00,0.00,0.00,0.00
'02:38:16.079,0.00,,0.00,0.00,0.00,,0.00,0.00,0.00,0.00,,0,0,0.00,,0.00,0.00,0.00,0.00
'02:38:17.160,0.00,,0.00,0.00,0.00,,0.00,0.00,0.00,0.00,,0,0,0.00,,0.00,0.00,0.00,0.00
'02:38:18.122,0.00,,0.00,0.00,0.00,,0.00,0.00,0.00,0.00,,0,0,0.00,,0.00,0.00,0.00,0.00
'02:38:19.071,0.00,,0.00,0.00,0.00,,0.00,0.00,0.00,0.00,,0,0,0.00,,0.00,0.00,0.00,0.00
'02:38:20.093,0.00,,0.00,0.00,0.00,,0.00,0.00,0.00,0.00,,0,0,0.00,,0.00,0.00,0.00,0.00
'02:38:21.137,0.00,,0.00,0.00,0.00,,0.00,0.00,0.00,0.00,,0,0,0.00,,0.00,0.00,0.00,0.00
'02:38:22.146,0.00,,0.00,0.00,0.00,,0.00,0.00,0.00,0.00,,0,0,0.00,,0.00,0.00,0.00,0.00
'02:38:23.123,0.00,,0.00,0.00,0.00,,0.00,0.00,0.00,0.00,,0,0,0.00,,0.00,0.00,0.00,0.00
'02:38:24.177,0.00,,0.00,0.00,0.00,,0.00,0.00,0.00,0.00,,0,0,0.00,,0.00,0.00,0.00,0.00
'02:38:25.100,0.00,,0.00,0.00,0.00,,0.00,0.00,0.00,0.00,,0,0,0.00,,0.00,0.00,0.00,0.00
'02:38:26.074,0.00,,0.00,0.00,0.00,,0.00,0.00,0.00,0.00,,0,0,0.00,,0.00,0.00,0.00,0.00
'02:38:27.124,0.00,,0.00,0.00,0.00,,0.00,0.00,0.00,0.00,,0,0,0.00,,0.00,0.00,0.00,0.00
'02:38:28.089,0.00,,0.00,0.00,0.00,,0.00,0.00,0.00,0.00,,0,0,0.00,,0.00,0.00,0.00,0.00
'02:38:29.113,0.00,,0.00,0.00,0.00,,0.00,0.00,0.00,0.00,,0,0,0.00,,0.00,0.00,0.00,0.00
'02:38:30.098,0.00,,0.00,0.00,0.00,,0.00,0.00,0.00,0.00,,0,0,0.00,,0.00,0.00,0.00,0.00
'02:38:31.120,0.00,,0.00,0.00,0.00,,0.00,0.00,0.00,0.00,,0,0,0.00,,0.00,0.00,0.00,0.00
'02:38:32.078,0.00,,0.00,0.00,0.00,,0.00,0.00,0.00,0.00,,0,0,0.00,,0.00,0.00,0.00,0.00
'02:38:33.114,0.00,,0.00,0.00,0.00,,0.00,0.00,0.00,0.00,,0,0,0.00,,0.00,0.00,0.00,0.00
'02:38:34.078,0.00,,0.00,0.00,0.00,,0.00,0.00,0.00,0.00,,0,0,0.00,,0.00,0.00,0.00,0.00
'02:38:35.093,0.00,,0.00,0.00,0.00,,0.00,0.00,0.00,0.00,,0,0,0.00,,0.00,0.00,0.00,0.00
'02:38:36.130,0.00,,0.00,0.00,0.00,,0.00,0.00,0.00,0.00,,0,0,0.00,,0.00,0.00,0.00,0.00
'02:38:37.102,0.00,,0.00,0.00,0.00,,0.00,0.00,0.00,0.00,,0,0,0.00,,0.00,0.00,0.00,0.00
'02:38:38.149,0.00,,0.00,0.00,0.00,,0.00,0.00,0.00,0.00,,0,0,0.00,,0.00,0.00,0.00,0.00
'02:38:39.095,0.00,,0.00,0.00,0.00,,0.00,0.00,0.00,0.00,,0,0,0.00,,0.00,0.00,0.00,0.00
'02:38:40.169,0.00,,0.00,0.00,0.00,,0.00,0.00,0.00,0.00,,0,0,0.00,,0.00,0.00,0.00,0.00
'02:38:41.121,0.00,,0.00,0.00,0.00,,0.00,0.00,0.00,0.00,,0,0,0.00,,0.00,0.00,0.00,0.00
'02:38:42.083,0.00,,0.00,0.00,0.00,,0.00,0.00,0.00,0.00,,0,0,0.00,,0.00,0.00,0.00,0.00
'02:38:43.117,0.00,,0.00,0.00,0.00,,0.00,0.00,0.00,0.00,,0,0,0.00,,0.00,0.00,0.00,0.00
'02:38:44.093,0.00,,0.00,0.00,0.00,,0.00,0.00,0.00,0.00,,0,0,0.00,,0.00,0.00,0.00,0.00
'02:38:45.107,0.00,,0.00,0.00,0.00,,0.00,0.00,0.00,0.00,,0,0,0.00,,0.00,0.00,0.00,0.00
'02:38:46.092,0.00,,0.00,0.00,0.00,,0.00,0.00,0.00,0.00,,0,0,0.00,,0.00,0.00,0.00,0.00
'02:38:47.151,0.00,,0.00,0.00,0.00,,0.00,0.00,0.00,0.00,,0,0,0.00,,0.00,0.00,0.00,0.00
'02:38:48.121,0.00,,0.00,0.00,0.00,,0.00,0.00,0.00,0.00,,0,0,0.00,,0.00,0.00,0.00,0.00
'02:38:49.161,0.00,,0.00,0.00,0.00,,0.00,0.00,0.00,0.00,,0,0,0.00,,0.00,0.00,0.00,0.00
'02:38:50.116,0.00,,0.00,0.00,0.00,,0.00,0.00,0.00,0.00,,0,0,0.00,,0.00,0.00,0.00,0.00
'02:38:51.121,0.00,,0.00,0.00,0.00,,0.00,0.00,0.00,0.00,,0,0,0.00,,0.00,0.00,0.00,0.00
'02:38:52.153,0.00,,0.00,0.00,0.00,,0.00,0.00,0.00,0.00,,0,0,0.00,,0.00,0.00,0.00,0.00
'02:38:53.119,0.00,,0.00,0.00,0.00,,0.00,0.00,0.00,0.00,,0,0,0.00,,0.00,0.00,0.00,0.00
'02:38:54.147,0.00,,0.00,0.00,0.00,,0.00,0.00,0.00,0.00,,0,0,0.00,,0.00,0.00,0.00,0.00
'02:38:55.107,0.00,,0.00,0.00,0.00,,0.00,0.00,0.00,0.00,,0,0,0.00,,0.00,0.00,0.00,0.00
'02:38:56.204,0.00,,0.00,0.00,0.00,,0.00,0.00,0.00,0.00,,0,0,0.00,,0.00,0.00,0.00,0.00
'02:38:57.117,0.00,,0.00,0.00,0.00,,0.00,0.00,0.00,0.00,,0,0,0.00,,0.00,0.00,0.00,0.00
'02:38:58.122,0.00,,0.00,0.00,0.00,,0.00,0.00,0.00,0.00,,0,0,0.00,,0.00,0.00,0.00,0.00
'02:38:59.151,0.00,,0.00,0.00,0.00,,0.00,0.00,0.00,0.00,,0,0,0.00,,0.00,0.00,0.00,0.00
'02:39:00.141,0.00,,0.00,0.00,0.00,,0.00,0.00,0.00,0.00,,0,0,0.00,,0.00,0.00,0.00,0.00
'02:39:01.166,0.00,,0.00,0.00,0.00,,0.00,0.00,0.00,0.00,,0,0,0.00,,0.00,0.00,0.00,0.00
'02:39:02.135,0.00,,0.00,0.00,0.00,,0.00,0.00,0.00,0.00,,0,0,0.00,,0.00,0.00,0.00,0.00
'02:39:03.204,0.00,,0.00,0.00,0.00,,0.00,0.00,0.00,0.00,,0,0,0.00,,0.00,0.00,0.00,0.00
'02:39:04.220,0.00,,0.00,0.00,0.00,,0.00,0.00,0.00,0.00,,0,0,0.00,,0.00,0.00,0.00,0.00
'02:39:05.101,0.00,,0.00,0.00,0.00,,0.00,0.00,0.00,0.00,,0,0,0.00,,0.00,0.00,0.00,0.00
'02:39:06.137,0.00,,0.00,0.00,0.00,,0.00,0.00,0.00,0.00,,0,0,0.00,,0.00,0.00,0.00,0.00
'02:39:07.115,0.00,,0.00,0.00,0.00,,0.00,0.00,0.00,0.00,,0,0,0.00,,0.00,0.00,0.00,0.00
'02:39:08.113,0.00,,0.00,0.00,0.00,,0.00,0.00,0.00,0.00,,0,0,0.00,,0.00,0.00,0.00,0.00
'02:39:09.166,0.00,,0.00,0.00,0.00,,0.00,0.00,0.00,0.00,,0,0,0.00,,0.00,0.00,0.00,0.00
'02:39:10.199,0.00,,0.00,0.00,0.00,,0.00,0.00,0.00,0.00,,0,0,0.00,,0.00,0.00,0.00,0.00
'02:39:11.123,0.00,,0.00,0.00,0.00,,0.00,0.00,0.00,0.00,,0,0,0.00,,0.00,0.00,0.00,0.00
'02:39:12.183,0.00,,0.00,0.00,0.00,,0.00,0.00,0.00,0.00,,0,0,0.00,,0.00,0.00,0.00,0.00
'02:39:13.187,0.00,,0.00,0.00,0.00,,0.00,0.00,0.00,0.00,,0,0,0.00,,0.00,0.00,0.00,0.00
'02:39:14.128,0.00,,0.00,0.00,0.00,,0.00,0.00,0.00,0.00,,0,0,0.00,,0.00,0.00,0.00,0.00
'02:39:15.157,0.00,,0.00,0.00,0.00,,0.00,0.00,0.00,0.00,,0,0,0.00,,0.00,0.00,0.00,0.00
'02:39:16.154,0.00,,0.00,0.00,0.00,,0.00,0.00,0.00,0.00,,0,0,0.00,,0.00,0.00,0.00,0.00
'02:39:17.151,0.00,,0.00,0.00,0.00,,0.00,0.00,0.00,0.00,,0,0,0.00,,0.00,0.00,0.00,0.00
'02:39:18.130,0.00,,0.00,0.00,0.00,,0.00,0.00,0.00,0.00,,0,0,0.00,,0.00,0.00,0.00,0.00
'02:39:19.147,0.00,,0.00,0.00,0.00,,0.00,0.00,0.00,0.00,,0,0,0.00,,0.00,0.00,0.00,0.00
'02:39:20.160,0.00,,0.00,0.00,0.00,,0.00,0.00,0.00,0.00,,0,0,0.00,,0.00,0.00,0.00,0.00
'02:39:21.152,0.00,,0.00,0.00,0.00,,0.00,0.00,0.00,0.00,,0,0,0.00,,0.00,0.00,0.00,0.00
'02:39:22.143,0.00,,0.00,0.00,0.00,,0.00,0.00,0.00,0.00,,0,0,0.00,,0.00,0.00,0.00,0.00
'02:39:23.152,0.00,,0.00,0.00,0.00,,0.00,0.00,0.00,0.00,,0,0,0.00,,0.00,0.00,0.00,0.00
'02:39:24.151,0.00,,0.00,0.00,0.00,,0.00,0.00,0.00,0.00,,0,0,0.00,,0.00,0.00,0.00,0.00
'02:39:25.134,0.00,,0.00,0.00,0.00,,0.00,0.00,0.00,0.00,,0,0,0.00,,0.00,0.00,0.00,0.00
'02:39:26.174,0.00,,0.00,0.00,0.00,,0.00,0.00,0.00,0.00,,0,0,0.00,,0.00,0.00,0.00,0.00
'02:39:27.145,0.00,,0.00,0.00,0.00,,0.00,0.00,0.00,0.00,,0,0,0.00,,0.00,0.00,0.00,0.00
'02:39:28.171,0.00,,0.00,0.00,0.00,,0.00,0.00,0.00,0.00,,0,0,0.00,,0.00,0.00,0.00,0.00
'02:39:29.144,0.00,,0.00,0.00,0.00,,0.00,0.00,0.00,0.00,,0,0,0.00,,0.00,0.00,0.00,0.00
'02:39:30.147,0.00,,0.00,0.00,0.00,,0.00,0.00,0.00,0.00,,0,0,0.00,,0.00,0.00,0.00,0.00
'02:39:31.152,0.00,,0.00,0.00,0.00,,0.00,0.00,0.00,0.00,,0,0,0.00,,0.00,0.00,0.00,0.00
'02:39:32.133,0.00,,0.00,0.00,0.00,,0.00,0.00,0.00,0.00,,0,0,0.00,,0.00,0.00,0.00,0.00
'02:39:33.190,0.00,,0.00,0.00,0.00,,0.00,0.00,0.00,0.00,,0,0,0.00,,0.00,0.00,0.00,0.00
'02:39:34.154,0.00,,0.00,0.00,0.00,,0.00,0.00,0.00,0.00,,0,0,0.00,,0.00,0.00,0.00,0.00
'02:39:35.241,0.00,,0.00,0.00,0.00,,0.00,0.00,0.00,0.00,,0,0,0.00,,0.00,0.00,0.00,0.00
'02:39:36.130,0.00,,0.00,0.00,0.00,,0.00,0.00,0.00,0.00,,0,0,0.00,,0.00,0.00,0.00,0.00
'02:39:37.188,0.00,,0.00,0.00,0.00,,0.00,0.00,0.00,0.00,,0,0,0.00,,0.00,0.00,0.00,0.00
'02:39:38.172,0.00,,0.00,0.00,0.00,,0.00,0.00,0.00,0.00,,0,0,0.00,,0.00,0.00,0.00,0.00
'02:39:39.140,0.00,,0.00,0.00,0.00,,0.00,0.00,0.00,0.00,,0,0,0.00,,0.00,0.00,0.00,0.00
'02:39:40.174,0.00,,0.00,0.00,0.00,,0.00,0.00,0.00,0.00,,0,0,0.00,,0.00,0.00,0.00,0.00
'02:39:41.175,0.00,,0.00,0.00,0.00,,0.00,0.00,0.00,0.00,,0,0,0.00,,0.00,0.00,0.00,0.00
'02:39:42.197,0.00,,0.00,0.00,0.00,,0.00,0.00,0.00,0.00,,0,0,0.00,,0.00,0.00,0.00,0.00
'02:39:43.154,0.00,,0.00,0.00,0.00,,0.00,0.00,0.00,0.00,,0,0,0.00,,0.00,0.00,0.00,0.00
'02:39:44.228,0.00,,0.00,0.00,0.00,,0.00,0.00,0.00,0.00,,0,0,0.00,,0.00,0.00,0.00,0.00
'02:39:45.148,0.00,,0.00,0.00,0.00,,0.00,0.00,0.00,0.00,,0,0,0.00,,0.00,0.00,0.00,0.00
'02:39:46.158,0.00,,0.00,0.00,0.00,,0.00,0.00,0.00,0.00,,0,0,0.00,,0.00,0.00,0.00,0.00
'02:39:47.163,0.00,,0.00,0.00,0.00,,0.00,0.00,0.00,0.00,,0,0,0.00,,0.00,0.00,0.00,0.00
'02:39:48.154,0.00,,0.00,0.00,0.00,,0.00,0.00,0.00,0.00,,0,0,0.00,,0.00,0.00,0.00,0.00
'02:39:49.202,0.00,,0.00,0.00,0.00,,0.00,0.00,0.00,0.00,,0,0,0.00,,0.00,0.00,0.00,0.00
'02:39:50.146,0.00,,0.00,0.00,0.00,,0.00,0.00,0.00,0.00,,0,0,0.00,,0.00,0.00,0.00,0.00
'02:39:51.194,0.00,,0.00,0.00,0.00,,0.00,0.00,0.00,0.00,,0,0,0.00,,0.00,0.00,0.00,0.00
'02:39:52.163,0.00,,0.00,0.00,0.00,,0.00,0.00,0.00,0.00,,0,0,0.00,,0.00,0.00,0.00,0.00
'02:39:53.151,0.00,,0.00,0.00,0.00,,0.00,0.00,0.00,0.00,,0,0,0.00,,0.00,0.00,0.00,0.00
'02:39:54.162,0.00,,0.00,0.00,0.00,,0.00,0.00,0.00,0.00,,0,0,0.00,,0.00,0.00,0.00,0.00
'02:39:55.221,0.00,,0.00,0.00,0.00,,0.00,0.00,0.00,0.00,,0,0,0.00,,0.00,0.00,0.00,0.00
'02:39:56.168,0.00,,0.00,0.00,0.00,,0.00,0.00,0.00,0.00,,0,0,0.00,,0.00,0.00,0.00,0.00
'02:39:57.215,0.00,,0.00,0.00,0.00,,0.00,0.00,0.00,0.00,,0,0,0.00,,0.00,0.00,0.00,0.00
'02:39:58.186,0.00,,0.00,0.00,0.00,,0.00,0.00,0.00,0.00,,0,0,0.00,,0.00,0.00,0.00,0.00
'02:39:59.187,0.00,,0.00,0.00,0.00,,0.00,0.00,0.00,0.00,,0,0,0.00,,0.00,0.00,0.00,0.00
'02:40:00.199,0.00,,0.00,0.00,0.00,,0.00,0.00,0.00,0.00,,0,0,0.00,,0.00,0.00,0.00,0.00
'02:40:01.207,0.00,,0.00,0.00,0.00,,0.00,0.00,0.00,0.00,,0,0,0.00,,0.00,0.00,0.00,0.00
'02:40:02.216,0.00,,0.00,0.00,0.00,,0.00,0.00,0.00,0.00,,0,0,0.00,,0.00,0.00,0.00,0.00
'02:40:03.172,0.00,,0.00,0.00,0.00,,0.00,0.00,0.00,0.00,,0,0,0.00,,0.00,0.00,0.00,0.00
'02:40:04.183,0.00,,0.00,0.00,0.00,,0.00,0.00,0.00,0.00,,0,0,0.00,,0.00,0.00,0.00,0.00
'02:40:05.229,0.00,,0.00,0.00,0.00,,0.00,0.00,0.00,0.00,,0,0,0.00,,0.00,0.00,0.00,0.00
'02:40:06.176,0.00,,0.00,0.00,0.00,,0.00,0.00,0.00,0.00,,0,0,0.00,,0.00,0.00,0.00,0.00
'02:40:07.205,0.00,,0.00,0.00,0.00,,0.00,0.00,0.00,0.00,,0,0,0.00,,0.00,0.00,0.00,0.00
'02:40:08.163,0.00,,0.00,0.00,0.00,,0.00,0.00,0.00,0.00,,0,0,0.00,,0.00,0.00,0.00,0.00
'02:40:09.177,0.00,,0.00,0.00,0.00,,0.00,0.00,0.00,0.00,,0,0,0.00,,0.00,0.00,0.00,0.00
'02:40:10.171,0.00,,0.00,0.00,0.00,,0.00,0.00,0.00,0.00,,0,0,0.00,,0.00,0.00,0.00,0.00
'02:40:11.188,0.00,,0.00,0.00,0.00,,0.00,0.00,0.00,0.00,,0,0,0.00,,0.00,0.00,0.00,0.00
'02:40:12.277,0.00,,0.00,0.00,0.00,,0.00,0.00,0.00,0.00,,0,0,0.00,,0.00,0.00,0.00,0.00
'02:40:13.168,0.00,,0.00,0.00,0.00,,0.00,0.00,0.00,0.00,,0,0,0.00,,0.00,0.00,0.00,0.00
'02:40:14.215,0.00,,0.00,0.00,0.00,,0.00,0.00,0.00,0.00,,0,0,0.00,,0.00,0.00,0.00,0.00
'02:40:15.224,0.00,,0.00,0.00,0.00,,0.00,0.00,0.00,0.00,,0,0,0.00,,0.00,0.00,0.00,0.00
'02:40:16.181,0.00,,0.00,0.00,0.00,,0.00,0.00,0.00,0.00,,0,0,0.00,,0.00,0.00,0.00,0.00
'02:40:17.216,0.00,,0.00,0.00,0.00,,0.00,0.00,0.00,0.00,,0,0,0.00,,0.00,0.00,0.00,0.00
'02:40:18.200,0.00,,0.00,0.00,0.00,,0.00,0.00,0.00,0.00,,0,0,0.00,,0.00,0.00,0.00,0.00
'02:40:19.180,0.00,,0.00,0.00,0.00,,0.00,0.00,0.00,0.00,,0,0,0.00,,0.00,0.00,0.00,0.00
'02:40:20.194,0.00,,0.00,0.00,0.00,,0.00,0.00,0.00,0.00,,0,0,0.00,,0.00,0.00,0.00,0.00
'02:40:21.225,0.00,,0.00,0.00,0.00,,0.00,0.00,0.00,0.00,,0,0,0.00,,0.00,0.00,0.00,0.00
'02:40:22.187,0.00,,0.00,0.00,0.00,,0.00,0.00,0.00,0.00,,0,0,0.00,,0.00,0.00,0.00,0.00
'02:40:23.194,0.00,,0.00,0.00,0.00,,0.00,0.00,0.00,0.00,,0,0,0.00,,0.00,0.00,0.00,0.00
'02:40:24.200,0.00,,0.00,0.00,0.00,,0.00,0.00,0.00,0.00,,0,0,0.00,,0.00,0.00,0.00,0.00
'02:40:25.193,0.00,,0.00,0.00,0.00,,0.00,0.00,0.00,0.00,,0,0,0.00,,0.00,0.00,0.00,0.00
'02:40:26.216,0.00,,0.00,0.00,0.00,,0.00,0.00,0.00,0.00,,0,0,0.00,,0.00,0.00,0.00,0.00
'02:40:27.191,0.00,,0.00,0.00,0.00,,0.00,0.00,0.00,0.00,,0,0,0.00,,0.00,0.00,0.00,0.00
'02:40:28.205,0.00,,0.00,0.00,0.00,,0.00,0.00,0.00,0.00,,0,0,0.00,,0.00,0.00,0.00,0.00
'02:40:29.167,0.00,,0.00,0.00,0.00,,0.00,0.00,0.00,0.00,,0,0,0.00,,0.00,0.00,0.00,0.00
'02:40:30.303,0.00,,0.00,0.00,0.00,,0.00,0.00,0.00,0.00,,0,0,0.00,,0.00,0.00,0.00,0.00
'02:40:31.209,0.00,,0.00,0.00,0.00,,0.00,0.00,0.00,0.00,,0,0,0.00,,0.00,0.00,0.00,0.00
'02:40:32.192,0.00,,0.00,0.00,0.00,,0.00,0.00,0.00,0.00,,0,0,0.00,,0.00,0.00,0.00,0.00
'02:40:33.197,0.00,,0.00,0.00,0.00,,0.00,0.00,0.00,0.00,,0,0,0.00,,0.00,0.00,0.00,0.00
'02:40:34.187,0.00,,0.00,0.00,0.00,,0.00,0.00,0.00,0.00,,0,0,0.00,,0.00,0.00,0.00,0.00
'02:40:35.231,0.00,,0.00,0.00,0.00,,0.00,0.00,0.00,0.00,,0,0,0.00,,0.00,0.00,0.00,0.00
'02:40:36.208,0.00,,0.00,0.00,0.00,,0.00,0.00,0.00,0.00,,0,0,0.00,,0.00,0.00,0.00,0.00
'02:40:37.267,0.00,,0.00,0.00,0.00,,0.00,0.00,0.00,0.00,,0,0,0.00,,0.00,0.00,0.00,0.00
'02:40:38.176,0.00,,0.00,0.00,0.00,,0.00,0.00,0.00,0.00,,0,0,0.00,,0.00,0.00,0.00,0.00
'02:40:39.211,0.00,,0.00,0.00,0.00,,0.00,0.00,0.00,0.00,,0,0,0.00,,0.00,0.00,0.00,0.00
'02:40:40.195,0.00,,0.00,0.00,0.00,,0.00,0.00,0.00,0.00,,0,0,0.00,,0.00,0.00,0.00,0.00
'02:40:41.192,0.00,,0.00,0.00,0.00,,0.00,0.00,0.00,0.00,,0,0,0.00,,0.00,0.00,0.00,0.00
'02:40:42.200,0.00,,0.00,0.00,0.00,,0.00,0.00,0.00,0.00,,0,0,0.00,,0.00,0.00,0.00,0.00
'02:40:43.207,0.00,,0.00,0.00,0.00,,0.00,0.00,0.00,0.00,,0,0,0.00,,0.00,0.00,0.00,0.00
'02:40:44.250,0.00,,0.00,0.00,0.00,,0.00,0.00,0.00,0.00,,0,0,0.00,,0.00,0.00,0.00,0.00
'02:40:45.234,0.00,,0.00,0.00,0.00,,0.00,0.00,0.00,0.00,,0,0,0.00,,0.00,0.00,0.00,0.00
'02:40:46.273,0.00,,0.00,0.00,0.00,,0.00,0.00,0.00,0.00,,0,0,0.00,,0.00,0.00,0.00,0.00
'02:40:47.267,0.00,,0.00,0.00,0.00,,0.00,0.00,0.00,0.00,,0,0,0.00,,0.00,0.00,0.00,0.00
'02:40:48.197,0.00,,0.00,0.00,0.00,,0.00,0.00,0.00,0.00,,0,0,0.00,,0.00,0.00,0.00,0.00
'02:40:49.191,0.00,,0.00,0.00,0.00,,0.00,0.00,0.00,0.00,,0,0,0.00,,0.00,0.00,0.00,0.00
'02:40:50.182,0.00,,0.00,0.00,0.00,,0.00,0.00,0.00,0.00,,0,0,0.00,,0.00,0.00,0.00,0.00
'02:40:51.204,0.00,,0.00,0.00,0.00,,0.00,0.00,0.00,0.00,,0,0,0.00,,0.00,0.00,0.00,0.00
'02:40:52.221,0.00,,0.00,0.00,0.00,,0.00,0.00,0.00,0.00,,0,0,0.00,,0.00,0.00,0.00,0.00
'02:40:53.241,0.00,,0.00,0.00,0.00,,0.00,0.00,0.00,0.00,,0,0,0.00,,0.00,0.00,0.00,0.00
'02:40:54.255,0.00,,0.00,0.00,0.00,,0.00,0.00,0.00,0.00,,0,0,0.00,,0.00,0.00,0.00,0.00
'02:40:55.243,0.00,,0.00,0.00,0.00,,0.00,0.00,0.00,0.00,,0,0,0.00,,0.00,0.00,0.00,0.00
'02:40:56.188,0.00,,0.00,0.00,0.00,,0.00,0.00,0.00,0.00,,0,0,0.00,,0.00,0.00,0.00,0.00
'02:40:57.233,0.00,,0.00,0.00,0.00,,0.00,0.00,0.00,0.00,,0,0,0.00,,0.00,0.00,0.00,0.00
'02:40:58.212,0.00,,0.00,0.00,0.00,,0.00,0.00,0.00,0.00,,0,0,0.00,,0.00,0.00,0.00,0.00
'02:40:59.222,0.00,,0.00,0.00,0.00,,0.00,0.00,0.00,0.00,,0,0,0.00,,0.00,0.00,0.00,0.00
'02:41:00.231,0.00,,0.00,0.00,0.00,,0.00,0.00,0.00,0.00,,0,0,0.00,,0.00,0.00,0.00,0.00
'02:41:01.218,0.00,,0.00,0.00,0.00,,0.00,0.00,0.00,0.00,,0,0,0.00,,0.00,0.00,0.00,0.00
'02:41:02.292,0.00,,0.00,0.00,0.00,,0.00,0.00,0.00,0.00,,0,0,0.00,,0.00,0.00,0.00,0.00
'02:41:03.229,0.00,,0.00,0.00,0.00,,0.00,0.00,0.00,0.00,,0,0,0.00,,0.00,0.00,0.00,0.00
'02:41:04.208,0.00,,0.00,0.00,0.00,,0.00,0.00,0.00,0.00,,0,0,0.00,,0.00,0.00,0.00,0.00
'02:41:05.218,0.00,,0.00,0.00,0.00,,0.00,0.00,0.00,0.00,,0,0,0.00,,0.00,0.00,0.00,0.00
'02:41:06.217,0.00,,0.00,0.00,0.00,,0.00,0.00,0.00,0.00,,0,0,0.00,,0.00,0.00,0.00,0.00
'02:41:07.218,0.00,,0.00,0.00,0.00,,0.00,0.00,0.00,0.00,,0,0,0.00,,0.00,0.00,0.00,0.00
'02:41:08.205,0.00,,0.00,0.00,0.00,,0.00,0.00,0.00,0.00,,0,0,0.00,,0.00,0.00,0.00,0.00
'02:41:09.242,0.00,,0.00,0.00,0.00,,0.00,0.00,0.00,0.00,,0,0,0.00,,0.00,0.00,0.00,0.00
'02:41:10.198,0.00,,0.00,0.00,0.00,,0.00,0.00,0.00,0.00,,0,0,0.00,,0.00,0.00,0.00,0.00
'02:41:11.232,0.00,,0.00,0.00,0.00,,0.00,0.00,0.00,0.00,,0,0,0.00,,0.00,0.00,0.00,0.00
'02:41:12.209,0.00,,0.00,0.00,0.00,,0.00,0.00,0.00,0.00,,0,0,0.00,,0.00,0.00,0.00,0.00
'02:41:13.234,0.00,,0.00,0.00,0.00,,0.00,0.00,0.00,0.00,,0,0,0.00,,0.00,0.00,0.00,0.00
'02:41:14.229,0.00,,0.00,0.00,0.00,,0.00,0.00,0.00,0.00,,0,0,0.00,,0.00,0.00,0.00,0.00
'02:41:15.218,0.00,,0.00,0.00,0.00,,0.00,0.00,0.00,0.00,,0,0,0.00,,0.00,0.00,0.00,0.00
'02:41:16.234,0.00,,0.00,0.00,0.00,,0.00,0.00,0.00,0.00,,0,0,0.00,,0.00,0.00,0.00,0.00
'02:41:17.223,0.00,,0.00,0.00,0.00,,0.00,0.00,0.00,0.00,,0,0,0.00,,0.00,0.00,0.00,0.00
'02:41:18.316,0.00,,0.00,0.00,0.00,,0.00,0.00,0.00,0.00,,0,0,0.00,,0.00,0.00,0.00,0.00
'02:41:19.195,0.00,,0.00,0.00,0.00,,0.00,0.00,0.00,0.00,,0,0,0.00,,0.00,0.00,0.00,0.00
'02:41:20.235,0.00,,0.00,0.00,0.00,,0.00,0.00,0.00,0.00,,0,0,0.00,,0.00,0.00,0.00,0.00
'02:41:21.258,0.00,,0.00,0.00,0.00,,0.00,0.00,0.00,0.00,,0,0,0.00,,0.00,0.00,0.00,0.00
'02:41:22.253,0.00,,0.00,0.00,0.00,,0.00,0.00,0.00,0.00,,0,0,0.00,,0.00,0.00,0.00,0.00
'02:41:23.239,0.00,,0.00,0.00,0.00,,0.00,0.00,0.00,0.00,,0,0,0.00,,0.00,0.00,0.00,0.00
'02:41:24.226,0.00,,0.00,0.00,0.00,,0.00,0.00,0.00,0.00,,0,0,0.00,,0.00,0.00,0.00,0.00
'02:41:25.298,0.00,,0.00,0.00,0.00,,0.00,0.00,0.00,0.00,,0,0,0.00,,0.00,0.00,0.00,0.00
